,Confidence,Group,Group1,Domain,Phylum,Class,Order,Genus,Species,Abun,frequency
Otu1514,0.999996047,Eukaryota,Opisthokonta,Fungi,Basidiomycota,Agaricomycotina,Agaricomycetes,,,0.00420097462611326,0.545454545454545
Otu53,0.99984675,Eukaryota,Opisthokonta,Fungi,Basidiomycota,Agaricomycotina,Agaricomycetes,,,0.0435220971265333,1
Otu5576,0.96320565,Eukaryota,Opisthokonta,Fungi,Ascomycota,Pezizomycotina,Sordariomycetes,,,0.00201646782053436,0.363636363636364
Otu143,0.99991415,Eukaryota,Opisthokonta,Fungi,Glomeromycota,Glomeromycotina,Glomeromycetes,Rhizophagus,,0.0142833137287851,0.636363636363636
Otu52,0.999993789,Eukaryota,Opisthokonta,Fungi,Ascomycota,Pezizomycotina,Sordariomycetes,,,0.0233574189211897,0.909090909090909
Otu440,0.996651553,Eukaryota,Opisthokonta,Fungi,Chytridiomycota,Chytridiomycotina,Chytridiomycetes,Chytridiomycetes_X,Chytridiomycetes_X_sp.,0.00470509158124685,0.727272727272727
Otu9728,0.858569791,Eukaryota,Opisthokonta,Fungi,Mucoromycota,Mucoromycotina,Mucoromycotina_X,Mortierella,Mortierella_alpina,0.0495715005881364,1
Otu21,0.999990101,Eukaryota,Opisthokonta,Fungi,Ascomycota,Pezizomycotina,Sordariomycetes,,,0.0776340110905731,1
Otu148,0.997778551,Eukaryota,Opisthokonta,Fungi,Glomeromycota,Glomeromycotina,Glomeromycetes,Glomus,Glomus_macrocarpum,0.0208368341455218,1
Otu1308,0.999919532,Eukaryota,Opisthokonta,Fungi,Chytridiomycota,Chytridiomycotina,Chytridiomycetes,,,0.00201646782053436,0.272727272727273
Otu409,0.99913742,Eukaryota,Opisthokonta,Fungi,,,,,,0.00201646782053436,0.0909090909090909
Otu146,0.993829064,Eukaryota,Opisthokonta,Fungi,Basidiomycota,Agaricomycotina,Agaricomycetes,Rhizoctonia,Rhizoctonia_solani,0.00218450680557889,0.545454545454545
Otu9266,0.948371651,Eukaryota,Opisthokonta,Fungi,Chytridiomycota,Chytridiomycotina,Chytridiomycetes,Chytridiomycetes_X,Chytridiomycetes_X_sp.,0.00100823391026718,0.363636363636364
Otu4782,0.729965389,Eukaryota,Opisthokonta,Fungi,,,,,,0.00016803898504453,0.0909090909090909
Otu34,0.999528197,Eukaryota,Opisthokonta,Fungi,Basidiomycota,Agaricomycotina,Agaricomycetes,Trechispora,Trechispora_alnicola,0.00235254579062342,0.454545454545455
Otu325,0.994008246,Eukaryota,Opisthokonta,Fungi,Glomeromycota,Glomeromycotina,Glomeromycotina_X,,,0.00016803898504453,0.0909090909090909
Otu385,0.722611024,Eukaryota,Opisthokonta,Fungi,Mucoromycota,Mucoromycotina,Mucoromycotina_X,Mortierella,Mortierella_globulifera,0.00235254579062342,0.363636363636364
Otu313,0.916127766,Eukaryota,Opisthokonta,Fungi,Fungi_X,Fungi_XX,Fungi_XXX,Mortierellaceae,Mortierellaceae_sp.,0.00235254579062342,0.727272727272727
Otu105,0.996144683,Eukaryota,Opisthokonta,Fungi,Ascomycota,Pezizomycotina,Sordariomycetes,,,0.00302470173080155,0.363636363636364
Otu14969,0.774287146,Eukaryota,Opisthokonta,Fungi,Mucoromycota,Mucoromycotina,Mucoromycotina_X,Mortierella,,0.011090573012939,0.454545454545455
Otu10360,0.747455246,Eukaryota,Opisthokonta,Fungi,Basidiomycota,Agaricomycotina,Agaricomycetes,Agaricomycetes_X,Agaricomycetes_X_sp.,0.00252058477566795,0.272727272727273
Otu290,0.999656345,Eukaryota,Opisthokonta,Fungi,Ascomycota,Pezizomycotina,Dothideomycetes,,,0.00369685767097967,0.454545454545455
Otu277,0.999999785,Eukaryota,Opisthokonta,Fungi,Glomeromycota,Glomeromycotina,Glomeromycetes,Glomus,Glomus_indicum,0.00487313056629138,0.545454545454545
Otu118,0.78273022,Eukaryota,Opisthokonta,Fungi,Chytridiomycota,Chytridiomycotina,Chytridiomycetes,Spizellomycetales-and-Rhizophlyctidales,Spizellomycetales-and-Rhizophlyctidales_sp.,0.00789783229709293,1
Otu180,0.999995176,Eukaryota,Opisthokonta,Fungi,,,,,,0.00336077970089061,0.545454545454545
Otu1169,0.998265703,Eukaryota,Opisthokonta,Fungi,Cryptomycota,Cryptomycotina,Cryptomycotina_X,Cryptomycotina_XX,Cryptomycotina_XX_sp.,0.00487313056629138,0.181818181818182
Otu7789,0.760282607,Eukaryota,Opisthokonta,Fungi,Basidiomycota,Agaricomycotina,Tremellomycetes,Cryptococcus,Cryptococcus_aerius,0.00302470173080155,0.818181818181818
Otu628,0.999561382,Eukaryota,Opisthokonta,Fungi,Cryptomycota,Cryptomycotina,Cryptomycotina_X,Cryptomycotina_XX,Cryptomycotina_XX_sp.,0.00151235086540077,0.454545454545455
Otu808,0.999277783,Eukaryota,Opisthokonta,Fungi,Ascomycota,Pezizomycotina,Sordariomycetes,,,0.00487313056629138,0.818181818181818
Otu570,0.998573343,Eukaryota,Opisthokonta,Fungi,Basidiomycota,Agaricomycotina,Agaricomycetes,Limonomyces,Limonomyces_roseipellis,0.000504116955133591,0.181818181818182
Otu823,0.908212678,Eukaryota,Opisthokonta,Fungi,,,,,,0.00100823391026718,0.454545454545455
Otu11878,0.949650675,Eukaryota,Opisthokonta,Fungi,Glomeromycota,Glomeromycotina,Glomeromycetes,Diversispora,Diversispora_sp.,0.0016803898504453,0.818181818181818
Otu56,0.735312992,Eukaryota,Opisthokonta,Fungi,Kickxellomycota,Kickxellomycotina,Harpellales,Ramicandelaber,Ramicandelaber_longisporus,0.0364644597546631,1
Otu9,0.999463587,Eukaryota,Opisthokonta,Fungi,Mucoromycota,Mucoromycotina,Mucoromycotina_X,Mortierella,,0.093765753654848,1
Otu141,0.974427666,Eukaryota,Opisthokonta,Fungi,Ascomycota,Pezizomycotina,Sordariomycetes,,,0.000672155940178121,0.272727272727273
Otu661,0.715364411,Eukaryota,Opisthokonta,Fungi,Cryptomycota,Cryptomycotina,Cryptomycotina_X,Cryptomycotina_XX,Cryptomycotina_XX_sp.,0.00285666274575701,0.454545454545455
Otu327,0.990639145,Eukaryota,Opisthokonta,Fungi,,,,,,0.00201646782053436,0.545454545454545
Otu571,0.808184145,Eukaryota,Opisthokonta,Fungi,Basidiomycota,Pucciniomycotina,Pucciniomycetes,Eocronartium,Eocronartium_muscicola,0.00151235086540077,0.272727272727273
Otu1762,0.999999168,Eukaryota,Opisthokonta,Fungi,Chytridiomycota,Chytridiomycotina,Chytridiomycotina_X,Olpidium,Olpidium_brassicae,0.00235254579062342,0.545454545454545
Otu380,0.768843685,Eukaryota,Opisthokonta,Fungi,Ascomycota,Pezizomycotina,Sordariomycetes,,,0.00453705259620232,0.727272727272727
Otu6658,0.999486816,Eukaryota,Opisthokonta,Fungi,Ascomycota,Pezizomycotina,Dothideomycetes,,,0.00016803898504453,0.0909090909090909
Otu48,0.992016758,Eukaryota,Opisthokonta,Fungi,Chytridiomycota,Chytridiomycotina,Chytridiomycetes,Rhizophlyctis,Rhizophlyctis_rosea,0.0238615358763233,1
Otu322,0.999994022,Eukaryota,Opisthokonta,Fungi,Chytridiomycota,Chytridiomycotina,Chytridiomycetes,,,0.000840194925222652,0.272727272727273
Otu1112,0.994311637,Eukaryota,Opisthokonta,Fungi,,,,,,0.000504116955133591,0.181818181818182
Otu25,0.999988564,Eukaryota,Opisthokonta,Fungi,Basidiomycota,Agaricomycotina,Agaricomycetes,,,0.00319274071584608,0.636363636363636
Otu7198,0.999972168,Eukaryota,Opisthokonta,Fungi,Basidiomycota,Agaricomycotina,Agaricomycetes,,,0.00252058477566796,0.181818181818182
Otu4037,0.99947319,Eukaryota,Opisthokonta,Fungi,Ascomycota,Pezizomycotina,Dothideomycetes,Torula,Torula_herbarum,0.00033607797008906,0.181818181818182
Otu169,0.999075054,Eukaryota,Opisthokonta,Fungi,Ascomycota,Pezizomycotina,Dothideomycetes,,,0.00436901361115779,0.545454545454545
Otu9033,0.825491713,Eukaryota,Opisthokonta,Fungi,Glomeromycota,Glomeromycotina,Glomeromycetes,Glomus,Glomus_sp.,0.00319274071584608,0.363636363636364
Otu1629,0.997838055,Eukaryota,Opisthokonta,Fungi,Ascomycota,Pezizomycotina,Orbiliomycetes,,,0.000504116955133591,0.181818181818182
Otu2012,0.85549262,Eukaryota,Opisthokonta,Fungi,,,,,,0.00151235086540077,0.0909090909090909
Otu7609,0.957733519,Eukaryota,Opisthokonta,Fungi,Ascomycota,Pezizomycotina,Sordariomycetes,,,0.00033607797008906,0.181818181818182
Otu1146,0.889911638,Eukaryota,Opisthokonta,Fungi,Fungi_X,Fungi_XX,Fungi_XXX,Fungi_XXXX,Fungi_XXXX_sp.,0.000840194925222651,0.363636363636364
Otu184,0.968597396,Eukaryota,Opisthokonta,Fungi,Ascomycota,Pezizomycotina,Sordariomycetes,,,0.00453705259620232,0.636363636363636
Otu293,0.824852242,Eukaryota,Opisthokonta,Fungi,Ascomycota,,,,,0.000840194925222651,0.363636363636364
Otu106,0.999989446,Eukaryota,Opisthokonta,Fungi,Ascomycota,Pezizomycotina,Eurotiomycetes,,,0.0179801713997647,0.909090909090909
Otu2054,0.999996518,Eukaryota,Opisthokonta,Fungi,Glomeromycota,Glomeromycotina,Glomeromycetes,Glomus,Glomus_indicum,0.00134431188035624,0.272727272727273
Otu1200,0.925715908,Eukaryota,Opisthokonta,Fungi,Chytridiomycota,Chytridiomycotina,Chytridiomycetes,Rhizophydium,Rhizophydium_sp.,0.00100823391026718,0.272727272727273
Otu273,0.981643449,Eukaryota,Opisthokonta,Fungi,Ascomycota,Pezizomycotina,Sordariomycetes,,,0.00151235086540077,0.272727272727273
Otu165,0.999999868,Eukaryota,Opisthokonta,Fungi,Basidiomycota,Agaricomycotina,Tremellomycetes,,,0.00117627289531171,0.363636363636364
Otu383,0.991349678,Eukaryota,Opisthokonta,Fungi,Chytridiomycota,Chytridiomycotina,Chytridiomycetes,,,0.00319274071584608,0.454545454545455
Otu354,0.999986666,Eukaryota,Opisthokonta,Fungi,Basidiomycota,Agaricomycotina,Tremellomycetes,,,0.00100823391026718,0.363636363636364
Otu391,0.99995798,Eukaryota,Opisthokonta,Fungi,Chytridiomycota,Chytridiomycotina,Chytridiomycetes,,,0.00134431188035624,0.454545454545455
Otu13518,0.701206603,Eukaryota,Opisthokonta,Fungi,Ascomycota,Pezizomycotina,Sordariomycetes,Magnaporthe,,0.000504116955133591,0.0909090909090909
Otu103,0.969603103,Eukaryota,Opisthokonta,Fungi,Basidiomycota,Agaricomycotina,Agaricomycetes,Sphaerobolus,Sphaerobolus_stellatus,0.0697361787934801,0.272727272727273
Otu129,0.999999797,Eukaryota,Opisthokonta,Fungi,Cryptomycota,Cryptomycotina,Cryptomycotina_X,Cryptomycotina_XX,Cryptomycotina_XX_sp.,0.00151235086540077,0.272727272727273
Otu2612,0.877708124,Eukaryota,Opisthokonta,Fungi,Chytridiomycota,Chytridiomycotina,Chytridiomycetes,Spizellomyces,,0.000840194925222651,0.363636363636364
Otu10902,0.999656368,Eukaryota,Opisthokonta,Fungi,Mucoromycota,Mucoromycotina,Mucoromycotina_X,Modicella,Modicella_reniformis,0.000336077970089061,0.0909090909090909
Otu159,0.997880001,Eukaryota,Opisthokonta,Fungi,Ascomycota,Pezizomycotina,Sordariomycetes,,,0.00302470173080154,0.454545454545455
Otu265,0.89117937,Eukaryota,Opisthokonta,Fungi,Ascomycota,Pezizomycotina,Sordariomycetes,Hydropisphaera,Hydropisphaera_erubescens,0.00134431188035625,0.0909090909090909
Otu191,0.999989138,Eukaryota,Opisthokonta,Fungi,Ascomycota,Pezizomycotina,Sordariomycetes,Acremonium,Acremonium_curvulum,0.00033607797008906,0.181818181818182
Otu407,0.879139932,Eukaryota,Opisthokonta,Fungi,Ascomycota,Pezizomycotina,Eurotiomycetes,,,0.000504116955133591,0.181818181818182
Otu1345,0.738438714,Eukaryota,Opisthokonta,Fungi,Fungi_X,Fungi_XX,Fungi_XXX,Fungi_XXXX,Fungi_XXXX_sp.,0.000336077970089061,0.0909090909090909
Otu192,1,Eukaryota,Opisthokonta,Fungi,Basidiomycota,Ustilaginomycotina,Ustilaginomycetes,,,0.000840194925222651,0.181818181818182
Otu157,0.999999994,Eukaryota,Opisthokonta,Fungi,Ascomycota,Pezizomycotina,Sordariomycetes,,,0.00067215594017812,0.363636363636364
Otu878,0.99980527,Eukaryota,Opisthokonta,Fungi,Basidiomycota,Agaricomycotina,Agaricomycetes,,,0.00033607797008906,0.181818181818182
Otu791,0.85750848,Eukaryota,Opisthokonta,Fungi,Fungi_X,Fungi_XX,Fungi_XXX,Fungi_XXXX,Fungi_XXXX_sp.,0.000336077970089061,0.0909090909090909
Otu763,0.999971584,Eukaryota,Opisthokonta,Fungi,Ascomycota,Pezizomycotina,,,,0.00016803898504453,0.0909090909090909
Otu359,0.946769241,Eukaryota,Opisthokonta,Fungi,Glomeromycota,Glomeromycotina,Glomeromycetes,Glomus,Glomus_sp.,0.00235254579062343,0.363636363636364
Otu730,0.805646777,Eukaryota,Opisthokonta,Fungi,Ascomycota,Pezizomycotina,Pezizomycetes,Selenaspora,Selenaspora_guernisacii,0.00016803898504453,0.0909090909090909
Otu12284,0.999535674,Eukaryota,Opisthokonta,Fungi,Chytridiomycota,Chytridiomycotina,Chytridiomycetes,,,0.00134431188035624,0.545454545454545
Otu794,0.99701175,Eukaryota,Opisthokonta,Fungi,Basidiomycota,Agaricomycotina,Agaricomycetes,,,0.000336077970089061,0.0909090909090909
Otu89,0.999999999,Eukaryota,Opisthokonta,Fungi,Ascomycota,Pezizomycotina,Sordariomycetes,Kionochaeta,Kionochaeta_sp.,0.000504116955133591,0.181818181818182
Otu181,0.789261498,Eukaryota,Opisthokonta,Fungi,Fungi_X,Fungi_XX,Fungi_XXX,Fungi_XXXX,Fungi_XXXX_sp.,0.0154595866240968,0.909090909090909
Otu197,0.785675459,Eukaryota,Opisthokonta,Fungi,Ascomycota,Pezizomycotina,Sordariomycetes,Chaetosphaeria,Chaetosphaeria_ciliata,0.00033607797008906,0.181818181818182
Otu817,0.998641349,Eukaryota,Opisthokonta,Fungi,Entomophthoromycota,Entomophthoromycotina,Entomophthorales,Conidiobolus,Conidiobolus_coronatus,0.00302470173080155,0.545454545454545
Otu781,0.80713098,Eukaryota,Opisthokonta,Fungi,Basidiomycota,Pucciniomycotina,Agaricostilbomycetes,Kurtzmanomyces,Kurtzmanomyces_nectairei,0.00016803898504453,0.0909090909090909
Otu813,0.741966271,Eukaryota,Opisthokonta,Fungi,,,,,,0.00117627289531171,0.363636363636364
Otu1312,0.999643727,Eukaryota,Opisthokonta,Fungi,Ascomycota,Pezizomycotina,Sordariomycetes,,,0.000504116955133591,0.181818181818182
Otu267,0.999978014,Eukaryota,Opisthokonta,Fungi,Glomeromycota,Glomeromycotina,Glomeromycetes,,,0.00319274071584608,0.454545454545455
Otu236,0.983883033,Eukaryota,Opisthokonta,Fungi,Glomeromycota,Glomeromycotina,Glomeromycetes,Glomus,Glomus_sp.,0.00201646782053436,0.363636363636364
Otu361,0.999144219,Eukaryota,Opisthokonta,Fungi,Mucoromycota,Mucoromycotina,Mucoromycotina_X,Modicella,Modicella_reniformis,0.00100823391026718,0.363636363636364
Otu1589,0.73208092,Eukaryota,Opisthokonta,Fungi,Ascomycota,Pezizomycotina,Dothideomycetes,Cladosporium,,0.000336077970089061,0.0909090909090909
Otu4948,0.995615507,Eukaryota,Opisthokonta,Fungi,Ascomycota,Pezizomycotina,Orbiliomycetes,Drechslerella,Drechslerella_dactyloides,0.00050411695513359,0.272727272727273
Otu207,0.996227062,Eukaryota,Opisthokonta,Fungi,Chytridiomycota,Chytridiomycotina,Chytridiomycetes,,,0.00571332549151403,0.454545454545455
Otu2330,0.821101455,Eukaryota,Opisthokonta,Fungi,Chytridiomycota,Chytridiomycotina,Chytridiomycetes,Phlyctochytrium,Phlyctochytrium_bullatum,0.00016803898504453,0.0909090909090909
Otu1247,0.85101103,Eukaryota,Opisthokonta,Fungi,Fungi_X,Fungi_XX,Fungi_XXX,Fungi_XXXX,Fungi_XXXX_sp.,0.00201646782053436,0.454545454545455
Otu1505,0.986756526,Eukaryota,Opisthokonta,Fungi,,,,,,0.000504116955133591,0.181818181818182
Otu1072,0.706109942,Eukaryota,Opisthokonta,Fungi,,,,,,0.000840194925222652,0.272727272727273
Otu842,0.731610364,Eukaryota,Opisthokonta,Fungi,,,,,,0.00134431188035624,0.636363636363636
Otu376,0.996695822,Eukaryota,Opisthokonta,Fungi,Ascomycota,Pezizomycotina,,,,0.000504116955133591,0.181818181818182
Otu11790,0.999638284,Eukaryota,Opisthokonta,Fungi,Ascomycota,Pezizomycotina,Eurotiomycetes,,,0.00252058477566795,0.454545454545455
Otu1004,0.999763465,Eukaryota,Opisthokonta,Fungi,,,,,,0.000840194925222652,0.181818181818182
Otu4954,0.727288765,Eukaryota,Opisthokonta,Fungi,Mucoromycota,Mucoromycotina,Mucoromycotina_X,Mortierella,,0.000672155940178122,0.181818181818182
Otu684,0.827946201,Eukaryota,Opisthokonta,Fungi,Mucoromycota,Mucoromycotina,Mucoromycotina_X,Endogone,Endogone_sp.,0.00033607797008906,0.181818181818182
Otu170,0.761194903,Eukaryota,Opisthokonta,Fungi,Glomeromycota,Glomeromycotina,Glomeromycotina_X,Scutellospora,,0.00436901361115779,0.636363636363636
Otu1147,0.769263754,Eukaryota,Opisthokonta,Fungi,Ascomycota,,,,,0.00016803898504453,0.0909090909090909
Otu12560,0.997438918,Eukaryota,Opisthokonta,Fungi,Basidiomycota,Agaricomycotina,Agaricomycetes,,,0.00218450680557889,0.181818181818182
Otu715,0.999538639,Eukaryota,Opisthokonta,Fungi,Chytridiomycota,Chytridiomycotina,Chytridiomycetes,Chytridiomycetes_X,Chytridiomycetes_X_sp.,0.00151235086540077,0.636363636363636
Otu379,0.999212665,Eukaryota,Opisthokonta,Fungi,Basidiomycota,Agaricomycotina,Agaricomycetes,,,0.000336077970089061,0.0909090909090909
Otu1109,0.929727471,Eukaryota,Opisthokonta,Fungi,,,,,,0.00016803898504453,0.0909090909090909
Otu1438,0.999975209,Eukaryota,Opisthokonta,Fungi,Ascomycota,Pezizomycotina,Eurotiomycetes,,,0.00033607797008906,0.181818181818182
Otu1219,0.981713006,Eukaryota,Opisthokonta,Fungi,Glomeromycota,Glomeromycotina,Glomeromycetes,Glomus,Glomus_sp.,0.000840194925222651,0.272727272727273
Otu1224,0.716926317,Eukaryota,Opisthokonta,Fungi,Chytridiomycota,Chytridiomycotina,Chytridiomycetes,Triparticalcar,Triparticalcar_sp.,0.00050411695513359,0.272727272727273
Otu908,0.980475986,Eukaryota,Opisthokonta,Fungi,Mucoromycota,Mucoromycotina,Mucoromycotina_X,Mortierella,,0.000672155940178121,0.272727272727273
Otu2275,0.791547179,Eukaryota,Opisthokonta,Fungi,Kickxellomycota,Kickxellomycotina,Harpellales,Mycoemilia,Mycoemilia_scoparia,0.00016803898504453,0.0909090909090909
Otu720,0.976569473,Eukaryota,Opisthokonta,Fungi,Mucoromycota,Mucoromycotina,Mucoromycotina_X,Mucoromycotina_XX,Mucoromycotina_XX_sp.,0.00033607797008906,0.181818181818182
Otu1135,0.998084702,Eukaryota,Opisthokonta,Fungi,Fungi_X,Fungi_XX,Fungi_XXX,Fungi_XXXX,Fungi_XXXX_sp.,0.00016803898504453,0.0909090909090909
Otu1654,0.827532649,Eukaryota,Opisthokonta,Fungi,Basidiomycota,Agaricomycotina,Tremellomycetes,Hannaella,,0.000840194925222651,0.272727272727273
Otu1363,0.85176223,Eukaryota,Opisthokonta,Fungi,Chytridiomycota,Chytridiomycotina,Chytridiomycetes,Chytridiomycetes_X,Chytridiomycetes_X_sp.,0.00016803898504453,0.0909090909090909
Otu1059,0.703412835,Eukaryota,Opisthokonta,Fungi,Fungi_X,Fungi_XX,Fungi_XXX,Fungi_XXXX,Fungi_XXXX_sp.,0.00100823391026718,0.363636363636364
Otu1541,0.979424853,Eukaryota,Opisthokonta,Fungi,Chytridiomycota,Chytridiomycotina,Chytridiomycetes,Synchytrium,Synchytrium_cupulatum,0.00016803898504453,0.0909090909090909
Otu337,0.998154224,Eukaryota,Opisthokonta,Fungi,Basidiomycota,Agaricomycotina,Tremellomycetes,,,0.00252058477566795,0.545454545454545
Otu516,0.995427962,Eukaryota,Opisthokonta,Fungi,Cryptomycota,Cryptomycotina,Cryptomycotina_X,Cryptomycotina_XX,Cryptomycotina_XX_sp.,0.00016803898504453,0.0909090909090909
Otu722,0.993666936,Eukaryota,Opisthokonta,Fungi,Glomeromycota,Glomeromycotina,Glomeromycetes,Glomus,Glomus_sp.,0.00033607797008906,0.181818181818182
Otu2136,0.984554671,Eukaryota,Opisthokonta,Fungi,Zoopagomycota,Zoopagomycotina,Zoopagomycotina_X,,,0.000504116955133591,0.181818181818182
Otu5042,0.959559974,Eukaryota,Opisthokonta,Fungi,Ascomycota,Pezizomycotina,Eurotiomycetes,,,0.00016803898504453,0.0909090909090909
Otu4371,0.928564675,Eukaryota,Opisthokonta,Fungi,Ascomycota,Pezizomycotina,Sordariomycetes,,,0.00016803898504453,0.0909090909090909
Otu6,0.972353754,Eukaryota,Opisthokonta,Fungi,Basidiomycota,Agaricomycotina,Agaricomycetes,Geastrum,Geastrum_triplex,0.00789783229709292,0.818181818181818
Otu12228,0.997328152,Eukaryota,Opisthokonta,Fungi,Glomeromycota,Glomeromycotina,Glomeromycotina_X,Scutellospora,,0.00100823391026718,0.454545454545455
Otu5833,0.945764899,Eukaryota,Opisthokonta,Fungi,Glomeromycota,Glomeromycotina,Glomeromycotina_X,Acaulospora,,0.00016803898504453,0.0909090909090909
Otu1981,0.70319244,Eukaryota,Opisthokonta,Fungi,,,,,,0.00016803898504453,0.0909090909090909
Otu462,0.862356162,Eukaryota,Opisthokonta,Fungi,Chytridiomycota,Chytridiomycotina,Chytridiomycetes,,,0.00033607797008906,0.181818181818182
Otu3612,0.847142385,Eukaryota,Opisthokonta,Fungi,Entomophthoromycota,Entomophthoromycotina,Entomophthorales,Conidiobolus,Conidiobolus_nanodes,0.00016803898504453,0.0909090909090909
Otu574,0.999694782,Eukaryota,Opisthokonta,Fungi,Blastocladiomycota,Blastocladiomycotina,Blastocladiomycetes,,,0.00117627289531171,0.454545454545455
Otu665,0.941252228,Eukaryota,Opisthokonta,Fungi,Glomeromycota,Glomeromycotina,Glomeromycetes,Glomeromycetes_X,Glomeromycetes_X_sp.,0.00016803898504453,0.0909090909090909
Otu1548,0.999979525,Eukaryota,Opisthokonta,Fungi,Cryptomycota,Cryptomycotina,Cryptomycotina_X,Cryptomycotina_XX,Cryptomycotina_XX_sp.,0.00016803898504453,0.0909090909090909
Otu1788,0.999981401,Eukaryota,Opisthokonta,Fungi,Chytridiomycota,Chytridiomycotina,Chytridiomycetes,,,0.00033607797008906,0.181818181818182
Otu913,0.985992977,Eukaryota,Opisthokonta,Fungi,Chytridiomycota,Chytridiomycotina,Chytridiomycetes,Chytridiomycetes_X,Chytridiomycetes_X_sp.,0.00252058477566795,0.454545454545455
Otu226,0.799825322,Eukaryota,Opisthokonta,Fungi,Fungi_X,Fungi_XX,Fungi_XXX,Fungi_XXXX,Fungi_XXXX_sp.,0.00470509158124685,0.636363636363636
Otu3729,0.727378238,Eukaryota,Opisthokonta,Fungi,,,,,,0.000336077970089061,0.0909090909090909
Otu189,0.721179568,Eukaryota,Opisthokonta,Fungi,Basidiomycota,Agaricomycotina,Agaricomycetes,Auricularia,,0.0162997815493194,0.909090909090909
Otu659,0.790171957,Eukaryota,Opisthokonta,Fungi,,,,,,0.000840194925222651,0.363636363636364
Otu13532,0.991859398,Eukaryota,Opisthokonta,Fungi,Ascomycota,Pezizomycotina,Dothideomycetes,,,0.000336077970089061,0.0909090909090909
Otu3057,0.999386079,Eukaryota,Opisthokonta,Fungi,Ascomycota,Pezizomycotina,Dothideomycetes,,,0.00067215594017812,0.363636363636364
Otu1527,0.988134123,Eukaryota,Opisthokonta,Fungi,Chytridiomycota,Chytridiomycotina,Chytridiomycetes,Chytridiomycetes_X,Chytridiomycetes_X_sp.,0.00016803898504453,0.0909090909090909
Otu67,0.910937432,Eukaryota,Opisthokonta,Fungi,Basidiomycota,Pucciniomycotina,Atractiellomycetes,Atractiellales,Atractiellales_sp.,0.00201646782053437,0.454545454545455
Otu6904,0.857103971,Eukaryota,Opisthokonta,Fungi,Ascomycota,Pezizomycotina,Sordariomycetes,Beauveria,,0.00016803898504453,0.0909090909090909
Otu4941,0.999918286,Eukaryota,Opisthokonta,Fungi,Ascomycota,Pezizomycotina,Sordariomycetes,,,0.000504116955133591,0.181818181818182
Otu1151,0.996285389,Eukaryota,Opisthokonta,Fungi,Blastocladiomycota,Blastocladiomycotina,Blastocladiomycetes,Blastocladiales,Blastocladiales_sp.,0.00100823391026718,0.363636363636364
Otu12015,0.999647722,Eukaryota,Opisthokonta,Fungi,Blastocladiomycota,Blastocladiomycotina,Blastocladiomycetes,,,0.00016803898504453,0.0909090909090909
Otu298,0.946095659,Eukaryota,Opisthokonta,Fungi,Cryptomycota,Cryptomycotina,Cryptomycotina_X,Cryptomycotina_XX,Cryptomycotina_XX_sp.,0.00924214417744917,0.818181818181818
Otu1474,0.999962935,Eukaryota,Opisthokonta,Fungi,Basidiomycota,Agaricomycotina,Tremellomycetes,Cryptococcus,Cryptococcus_flavus,0.000336077970089061,0.0909090909090909
Otu11591,0.979992298,Eukaryota,Opisthokonta,Fungi,Chytridiomycota,Chytridiomycotina,Chytridiomycetes,Powellomycetaceae,Powellomycetaceae_sp.,0.00117627289531171,0.181818181818182
Otu2708,0.999943892,Eukaryota,Opisthokonta,Fungi,Blastocladiomycota,Blastocladiomycotina,Blastocladiomycetes,Hyaloraphidium,Hyaloraphidium_curvatum,0.00033607797008906,0.181818181818182
Otu518,0.972632632,Eukaryota,Opisthokonta,Fungi,Cryptomycota,Cryptomycotina,Cryptomycotina_X,Cryptomycotina_XX,Cryptomycotina_XX_sp.,0.0016803898504453,0.272727272727273
Otu100,0.9966286,Eukaryota,Opisthokonta,Fungi,Glomeromycota,Glomeromycotina,Glomeromycotina_X,Glomeromycotina_XX,Glomeromycotina_XX_sp.,0.0072256763569148,0.454545454545455
Otu235,0.999538707,Eukaryota,Opisthokonta,Fungi,Fungi_X,Fungi_XX,Fungi_XXX,Mortierellaceae,Mortierellaceae_sp.,0.0055452865064695,1
Otu561,0.999821169,Eukaryota,Opisthokonta,Fungi,Chytridiomycota,Chytridiomycotina,Chytridiomycetes,Lobulomyces,Lobulomyces_sp.,0.00184842883548983,0.454545454545455
Otu1405,0.997254189,Eukaryota,Opisthokonta,Fungi,Chytridiomycota,Chytridiomycotina,Chytridiomycetes,Chytridiomycetes_X,Chytridiomycetes_X_sp.,0.00016803898504453,0.0909090909090909
Otu1833,0.888033539,Eukaryota,Opisthokonta,Fungi,Fungi_X,Fungi_XX,Fungi_XXX,Fungi_XXXX,Fungi_XXXX_sp.,0.00033607797008906,0.181818181818182
Otu120,0.982520164,Eukaryota,Opisthokonta,Fungi,Glomeromycota,Glomeromycotina,Glomeromycetes,Glomus,Glomus_sp.,0.00991430011762729,0.727272727272727
Otu421,0.938260689,Eukaryota,Opisthokonta,Fungi,,,,,,0.0016803898504453,0.363636363636364
Otu2350,0.788711837,Eukaryota,Opisthokonta,Fungi,,,,,,0.00033607797008906,0.181818181818182
Otu2219,0.967695088,Eukaryota,Opisthokonta,Fungi,,,,,,0.00067215594017812,0.363636363636364
Otu1320,0.92039618,Eukaryota,Opisthokonta,Fungi,Ascomycota,Pezizomycotina,Leotiomycetes,Chalara,,0.00016803898504453,0.0909090909090909
Otu286,0.786218448,Eukaryota,Opisthokonta,Fungi,Glomeromycota,Glomeromycotina,Glomeromycetes,Diversispora,,0.0016803898504453,0.454545454545455
Otu669,0.999893984,Eukaryota,Opisthokonta,Fungi,,,,,,0.00050411695513359,0.272727272727273
Otu3301,0.996751267,Eukaryota,Opisthokonta,Fungi,Zoopagomycota,Zoopagomycotina,Zoopagomycotina_X,Acaulopage,Acaulopage_tetraceros,0.000504116955133591,0.181818181818182
Otu1261,0.999928174,Eukaryota,Opisthokonta,Fungi,Cryptomycota,Cryptomycotina,Cryptomycotina_X,Cryptomycotina_XX,Cryptomycotina_XX_sp.,0.00033607797008906,0.181818181818182
Otu3520,0.971935818,Eukaryota,Opisthokonta,Fungi,,,,,,0.000336077970089061,0.0909090909090909
Otu301,0.9276835,Eukaryota,Opisthokonta,Fungi,Chytridiomycota,Chytridiomycotina,Chytridiomycetes,Powellomycetaceae,Powellomycetaceae_sp.,0.00252058477566795,0.727272727272727
Otu1203,0.810671644,Eukaryota,Opisthokonta,Fungi,Glomeromycota,Glomeromycotina,Glomeromycetes,Claroideoglomus,,0.00016803898504453,0.0909090909090909
Otu9060,0.931746391,Eukaryota,Opisthokonta,Fungi,Mucoromycota,Mucoromycotina,Mucoromycotina_X,Mortierella,,0.00016803898504453,0.0909090909090909
Otu74,0.999921013,Eukaryota,Opisthokonta,Fungi,Cryptomycota,Cryptomycotina,Cryptomycotina_X,Cryptomycotina_XX,Cryptomycotina_XX_sp.,0.00420097462611326,0.545454545454545
Otu2844,0.752644373,Eukaryota,Opisthokonta,Fungi,Zoopagomycota,Zoopagomycotina,Zoopagomycotina_X,Zoopagomycotina_XX,Zoopagomycotina_XX_sp.,0.00016803898504453,0.0909090909090909
Otu9565,0.772736979,Eukaryota,Opisthokonta,Fungi,Ascomycota,Pezizomycotina,Dothideomycetes,,,0.00016803898504453,0.0909090909090909
Otu606,0.999934936,Eukaryota,Opisthokonta,Fungi,Ascomycota,Saccharomycotina,Lipomycetaceae,Lipomyces,,0.000672155940178121,0.181818181818182
Otu6462,0.86508404,Eukaryota,Opisthokonta,Fungi,Chytridiomycota,Chytridiomycotina,Chytridiomycetes,,,0.00016803898504453,0.0909090909090909
Otu1881,0.993929606,Eukaryota,Opisthokonta,Fungi,Zoopagomycota,Zoopagomycotina,Zoopagomycotina_X,Syncephalis,Syncephalis_depressa,0.00016803898504453,0.0909090909090909
Otu2023,0.810809955,Eukaryota,Opisthokonta,Fungi,Chytridiomycota,Chytridiomycotina,Chytridiomycetes,Chytridiomycetes_X,Chytridiomycetes_X_sp.,0.00016803898504453,0.0909090909090909
Otu10743,0.999923835,Eukaryota,Opisthokonta,Fungi,Chytridiomycota,Chytridiomycotina,Chytridiomycetes,,,0.00151235086540077,0.363636363636364
Otu13122,0.99492912,Eukaryota,Opisthokonta,Fungi,Ascomycota,Pezizomycotina,Pezizomycetes,,,0.00050411695513359,0.272727272727273
Otu238,0.999298598,Eukaryota,Opisthokonta,Fungi,Ascomycota,Pezizomycotina,Pezizomycetes,Saccobolus,Saccobolus_dilutellus,0.00016803898504453,0.0909090909090909
Otu2828,0.910682501,Eukaryota,Opisthokonta,Fungi,Fungi_X,Fungi_XX,Fungi_XXX,Fungi_XXXX,Fungi_XXXX_sp.,0.00033607797008906,0.181818181818182
Otu514,0.999998706,Eukaryota,Opisthokonta,Fungi,Basidiomycota,Pucciniomycotina,Cystobasidiomycetes,,,0.000840194925222651,0.272727272727273
Otu10309,0.997616074,Eukaryota,Opisthokonta,Fungi,Basidiomycota,Agaricomycotina,Agaricomycetes,,,0.00016803898504453,0.0909090909090909
Otu2209,0.819229892,Eukaryota,Opisthokonta,Fungi,Zoopagomycota,Zoopagomycotina,Zoopagomycotina_X,Acaulopage,Acaulopage_tetraceros,0.000504116955133591,0.181818181818182
Otu969,0.971469398,Eukaryota,Opisthokonta,Fungi,Basidiomycota,Agaricomycotina,Agaricomycetes,,,0.00033607797008906,0.181818181818182
Otu4150,0.744118441,Eukaryota,Opisthokonta,Fungi,Fungi_X,Fungi_XX,Fungi_XXX,Fungi_XXXX,Fungi_XXXX_sp.,0.00016803898504453,0.0909090909090909
Otu3226,0.961891779,Eukaryota,Opisthokonta,Fungi,Blastocladiomycota,Blastocladiomycotina,Blastocladiomycetes,Blastocladiomycota_XX,Blastocladiomycota_XX_sp.,0.000672155940178121,0.181818181818182
Otu1874,0.804102139,Eukaryota,Opisthokonta,Fungi,,,,,,0.00100823391026718,0.272727272727273
Otu153,0.989702809,Eukaryota,Opisthokonta,Fungi,Glomeromycota,Glomeromycotina,Glomeromycetes,Glomeromycetes_X,Glomeromycetes_X_sp.,0.00218450680557889,0.545454545454545
Otu2451,0.928009354,Eukaryota,Opisthokonta,Fungi,Fungi_X,Fungi_XX,Fungi_XXX,Fungi_XXXX,Fungi_XXXX_sp.,0.00033607797008906,0.181818181818182
Otu5021,0.963906181,Eukaryota,Opisthokonta,Fungi,Cryptomycota,Cryptomycotina,Cryptomycotina_X,Cryptomycotina_XX,Cryptomycotina_XX_sp.,0.00016803898504453,0.0909090909090909
Otu1042,0.988541418,Eukaryota,Opisthokonta,Fungi,Fungi_X,Fungi_XX,Fungi_XXX,Fungi_XXXX,Fungi_XXXX_sp.,0.000336077970089061,0.0909090909090909
Otu210,0.999952543,Eukaryota,Opisthokonta,Fungi,,,,,,0.00520920853638044,0.727272727272727
Otu1749,0.979995401,Eukaryota,Opisthokonta,Fungi,Basidiomycota,Agaricomycotina,Tremellomycetes,Cryptococcus,Cryptococcus_carnescens,0.00050411695513359,0.272727272727273
Otu1157,0.93466229,Eukaryota,Opisthokonta,Fungi,Fungi_X,Fungi_XX,Fungi_XXX,Fungi_XXXX,Fungi_XXXX_sp.,0.0016803898504453,0.545454545454545
Otu2854,0.763066347,Eukaryota,Opisthokonta,Fungi,Fungi_X,Fungi_XX,Fungi_XXX,Fungi_XXXX,Fungi_XXXX_sp.,0.00016803898504453,0.0909090909090909
Otu2857,0.998990035,Eukaryota,Opisthokonta,Fungi,Cryptomycota,Cryptomycotina,Cryptomycotina_X,Cryptomycotina_XX,Cryptomycotina_XX_sp.,0.00016803898504453,0.0909090909090909
Otu631,0.99966984,Eukaryota,Opisthokonta,Fungi,Mucoromycota,Mucoromycotina,Mucoromycotina_X,Mortierella,Mortierella_wolfii,0.000504116955133591,0.0909090909090909
Otu415,0.924409482,Eukaryota,Opisthokonta,Fungi,Cryptomycota,Cryptomycotina,Cryptomycotina_X,Cryptomycotina_XX,Cryptomycotina_XX_sp.,0.00268862376071249,0.272727272727273
Otu2164,0.959400097,Eukaryota,Opisthokonta,Fungi,Fungi_X,Fungi_XX,Fungi_XXX,Fungi_XXXX,Fungi_XXXX_sp.,0.00016803898504453,0.0909090909090909
Otu310,0.866233587,Eukaryota,Opisthokonta,Fungi,Chytridiomycota,Chytridiomycotina,Chytridiomycetes,Rhizophydium,Rhizophydium_sp.,0.00016803898504453,0.0909090909090909
Otu496,0.774148912,Eukaryota,Opisthokonta,Fungi,Chytridiomycota,Chytridiomycotina,Chytridiomycetes,Spizellomycetales-and-Rhizophlyctidales,Spizellomycetales-and-Rhizophlyctidales_sp.,0.000840194925222651,0.363636363636364
Otu2382,0.842036841,Eukaryota,Opisthokonta,Fungi,,,,,,0.00100823391026718,0.454545454545455
Otu3179,0.841839595,Eukaryota,Opisthokonta,Fungi,Chytridiomycota,Chytridiomycotina,Chytridiomycetes,,,0.000336077970089061,0.0909090909090909
Otu2524,0.9673962,Eukaryota,Opisthokonta,Fungi,Entomophthoromycota,Entomophthoromycotina,Entomophthorales,Conidiobolus,Conidiobolus_brefeldianus,0.00016803898504453,0.0909090909090909
Otu5330,0.997401661,Eukaryota,Opisthokonta,Fungi,,,,,,0.00016803898504453,0.0909090909090909
Otu276,0.981615528,Eukaryota,Opisthokonta,Fungi,,,,,,0.00302470173080155,0.545454545454545
Otu3180,0.831757312,Eukaryota,Opisthokonta,Fungi,,,,,,0.000840194925222652,0.272727272727273
Otu174,0.95767908,Eukaryota,Opisthokonta,Fungi,Cryptomycota,Cryptomycotina,Cryptomycotina_X,Cryptomycotina_XX,Cryptomycotina_XX_sp.,0.00840194925222652,0.636363636363636
Otu12773,0.972693054,Eukaryota,Opisthokonta,Fungi,,,,,,0.00016803898504453,0.0909090909090909
Otu592,0.86901671,Eukaryota,Opisthokonta,Fungi,Blastocladiomycota,Blastocladiomycotina,Blastocladiomycetes,,,0.00016803898504453,0.0909090909090909
Otu1428,0.773569653,Eukaryota,Opisthokonta,Fungi,,,,,,0.000504116955133591,0.181818181818182
Otu4023,0.792778,Eukaryota,Opisthokonta,Fungi,,,,,,0.00033607797008906,0.181818181818182
Otu1533,0.895425239,Eukaryota,Opisthokonta,Fungi,,,,,,0.00016803898504453,0.0909090909090909
Otu227,0.999999731,Eukaryota,Opisthokonta,Fungi,Entomophthoromycota,Entomophthoromycotina,Entomophthorales,Conidiobolus,Conidiobolus_firmipilleus,0.00100823391026718,0.181818181818182
Otu305,0.993398581,Eukaryota,Opisthokonta,Fungi,Glomeromycota,Glomeromycotina,Glomeromycotina_X,Scutellospora,,0.00033607797008906,0.181818181818182
Otu2969,0.981609743,Eukaryota,Opisthokonta,Fungi,Basidiomycota,Agaricomycotina,Tremellomycetes,,,0.000336077970089061,0.0909090909090909
Otu1455,0.980514503,Eukaryota,Opisthokonta,Fungi,Fungi_X,Fungi_XX,Fungi_XXX,Fungi_XXXX,Fungi_XXXX_sp.,0.00016803898504453,0.0909090909090909
Otu495,0.826857481,Eukaryota,Opisthokonta,Fungi,Glomeromycota,Glomeromycotina,Glomeromycetes,Glomus,Glomus_sp.,0.00117627289531171,0.272727272727273
Otu2946,0.994095509,Eukaryota,Opisthokonta,Fungi,Fungi_X,Fungi_XX,Fungi_XXX,Fungi_XXXX,Fungi_XXXX_sp.,0.000840194925222653,0.0909090909090909
Otu814,0.875708019,Eukaryota,Opisthokonta,Fungi,Cryptomycota,Cryptomycotina,Cryptomycotina_X,Cryptomycotina_XX,Cryptomycotina_XX_sp.,0.00117627289531171,0.363636363636364
Otu1622,0.821101549,Eukaryota,Opisthokonta,Fungi,Entomophthoromycota,Entomophthoromycotina,Entomophthorales,,,0.000336077970089061,0.0909090909090909
Otu573,0.996694706,Eukaryota,Opisthokonta,Fungi,Cryptomycota,Cryptomycotina,Cryptomycotina_X,Cryptomycotina_XX,Cryptomycotina_XX_sp.,0.0115946899680726,0.818181818181818
Otu7989,0.827479873,Eukaryota,Opisthokonta,Fungi,Basidiomycota,Agaricomycotina,Agaricomycetes,Agaricomycetes_X,Agaricomycetes_X_sp.,0.00134431188035625,0.0909090909090909
Otu1414,0.933125028,Eukaryota,Opisthokonta,Fungi,,,,,,0.00033607797008906,0.181818181818182
Otu531,0.882888857,Eukaryota,Opisthokonta,Fungi,Basidiomycota,Agaricomycotina,Tremellomycetes,Bullera,Bullera_sp.,0.000504116955133591,0.0909090909090909
Otu183,0.999727004,Eukaryota,Opisthokonta,Fungi,Ascomycota,Pezizomycotina,Sordariomycetes,,,0.00840194925222651,0.181818181818182
Otu2118,0.805012626,Eukaryota,Opisthokonta,Fungi,,,,,,0.000672155940178121,0.181818181818182
Otu935,0.886790372,Eukaryota,Opisthokonta,Fungi,Fungi_X,Fungi_XX,Fungi_XXX,Fungi_XXXX,Fungi_XXXX_sp.,0.00100823391026718,0.272727272727273
Otu1499,0.99999021,Eukaryota,Opisthokonta,Fungi,Glomeromycota,Glomeromycotina,Glomeromycotina_X,Acaulospora,Acaulospora_sp.,0.00016803898504453,0.0909090909090909
Otu1526,0.987818217,Eukaryota,Opisthokonta,Fungi,,,,,,0.00016803898504453,0.0909090909090909
Otu2111,0.740085801,Eukaryota,Opisthokonta,Fungi,Mucoromycota,Mucoromycotina,Mucoromycotina_X,Mucoromycotina_XX,Mucoromycotina_XX_sp.,0.00016803898504453,0.0909090909090909
Otu61,0.992662657,Eukaryota,Opisthokonta,Fungi,Basidiomycota,Agaricomycotina,Agaricomycetes,Lentinula,Lentinula_sp.,0.00117627289531171,0.272727272727273
Otu568,0.776599899,Eukaryota,Opisthokonta,Fungi,Fungi_X,Fungi_XX,Fungi_XXX,Fungi_XXXX,Fungi_XXXX_sp.,0.00201646782053436,0.727272727272727
Otu2814,0.994488235,Eukaryota,Opisthokonta,Fungi,Chytridiomycota,Chytridiomycotina,Chytridiomycetes,Chytridiomycetes_X,Chytridiomycetes_X_sp.,0.00117627289531171,0.272727272727273
Otu725,0.985741001,Eukaryota,Opisthokonta,Fungi,Chytridiomycota,Chytridiomycotina,Chytridiomycetes,Chytridiomycetes_X,Chytridiomycetes_X_sp.,0.000672155940178121,0.272727272727273
Otu840,0.774193627,Eukaryota,Opisthokonta,Fungi,Kickxellomycota,Kickxellomycotina,Harpellales,Ramicandelaber,Ramicandelaber_sp.,0.00016803898504453,0.0909090909090909
Otu4859,0.8253927,Eukaryota,Opisthokonta,Fungi,,,,,,0.000504116955133591,0.0909090909090909
Otu80,0.716520145,Eukaryota,Opisthokonta,Fungi,Entomophthoromycota,Entomophthoromycotina,Entomophthorales,Basidiobolus,Basidiobolus_ranarum,0.00134431188035624,0.272727272727273
Otu1689,0.864732405,Eukaryota,Opisthokonta,Fungi,,,,,,0.00184842883548983,0.454545454545455
Otu3450,0.967415132,Eukaryota,Opisthokonta,Fungi,Basidiomycota,Agaricomycotina,Tremellomycetes,Cryptococcus,,0.000840194925222652,0.272727272727273
Otu3229,0.974064477,Eukaryota,Opisthokonta,Fungi,Glomeromycota,Glomeromycotina,Glomeromycotina_X,Pacispora,Pacispora_scintillans,0.00016803898504453,0.0909090909090909
Otu101,0.968821824,Eukaryota,Opisthokonta,Fungi,Basidiomycota,Agaricomycotina,Agaricomycetes,Peniophora,Peniophora_nuda,0.00016803898504453,0.0909090909090909
Otu2873,0.999144004,Eukaryota,Opisthokonta,Fungi,,,,,,0.00016803898504453,0.0909090909090909
Otu2533,0.888127145,Eukaryota,Opisthokonta,Fungi,,,,,,0.00050411695513359,0.272727272727273
Otu1572,0.987936495,Eukaryota,Opisthokonta,Fungi,,,,,,0.00033607797008906,0.181818181818182
Otu724,0.995245485,Eukaryota,Opisthokonta,Fungi,Ascomycota,Pezizomycotina,,,,0.00033607797008906,0.181818181818182
Otu1371,0.883735542,Eukaryota,Opisthokonta,Fungi,,,,,,0.000840194925222651,0.272727272727273
Otu6386,0.902479937,Eukaryota,Opisthokonta,Fungi,,,,,,0.00016803898504453,0.0909090909090909
Otu2258,0.960115373,Eukaryota,Opisthokonta,Fungi,Zoopagomycota,Zoopagomycotina,Zoopagomycotina_X,Thamnocephalis,Thamnocephalis_sphaerospora,0.00033607797008906,0.181818181818182
Otu1179,0.774059765,Eukaryota,Opisthokonta,Fungi,,,,,,0.000336077970089061,0.0909090909090909
Otu4404,0.940193048,Eukaryota,Opisthokonta,Fungi,,,,,,0.00016803898504453,0.0909090909090909
Otu1865,0.899968709,Eukaryota,Opisthokonta,Fungi,Entomophthoromycota,Entomophthoromycotina,Entomophthorales,Conidiobolus,Conidiobolus_firmipilleus,0.00016803898504453,0.0909090909090909
Otu5388,0.857451447,Eukaryota,Opisthokonta,Fungi,,,,,,0.00033607797008906,0.181818181818182
Otu2132,0.996258365,Eukaryota,Opisthokonta,Fungi,Basidiomycota,Agaricomycotina,Agaricomycetes,Camarophyllopsis,Camarophyllopsis_hymenocephala,0.000336077970089061,0.0909090909090909
Otu368,0.946916445,Eukaryota,Opisthokonta,Fungi,Ascomycota,Pezizomycotina,Pezizomycetes,,,0.000336077970089061,0.0909090909090909
Otu1260,0.860618305,Eukaryota,Opisthokonta,Fungi,Fungi_X,Fungi_XX,Fungi_XXX,Fungi_XXXX,Fungi_XXXX_sp.,0.00016803898504453,0.0909090909090909
Otu3231,0.999560638,Eukaryota,Opisthokonta,Fungi,Chytridiomycota,Chytridiomycotina,Chytridiomycetes,,,0.00033607797008906,0.181818181818182
Otu5017,0.999997279,Eukaryota,Opisthokonta,Fungi,Chytridiomycota,Chytridiomycotina,Chytridiomycetes,,,0.00016803898504453,0.0909090909090909
Otu13548,0.970675037,Eukaryota,Opisthokonta,Fungi,Mucoromycota,Mucoromycotina,Mucoromycotina_X,Mortierella,,0.00033607797008906,0.181818181818182
Otu3092,0.955032526,Eukaryota,Opisthokonta,Fungi,Fungi_X,Fungi_XX,Fungi_XXX,Fungi_XXXX,Fungi_XXXX_sp.,0.00016803898504453,0.0909090909090909
Otu5479,0.751865963,Eukaryota,Opisthokonta,Fungi,,,,,,0.00016803898504453,0.0909090909090909
Otu102,0.999992229,Eukaryota,Opisthokonta,Fungi,Cryptomycota,Cryptomycotina,Cryptomycotina_X,Cryptomycotina_XX,Cryptomycotina_XX_sp.,0.00235254579062342,0.363636363636364
Otu803,0.871486645,Eukaryota,Opisthokonta,Fungi,,,,,,0.000336077970089061,0.0909090909090909
Otu438,0.729478546,Eukaryota,Opisthokonta,Fungi,Basidiomycota,Pucciniomycotina,Cystobasidiomycetes,Rhodotorula,,0.000840194925222652,0.181818181818182
Otu1946,0.808762759,Eukaryota,Opisthokonta,Fungi,,,,,,0.00033607797008906,0.181818181818182
Otu1732,0.995118216,Eukaryota,Opisthokonta,Fungi,Basidiomycota,Agaricomycotina,Tremellomycetes,Cryptococcus,Cryptococcus_dimennae,0.00016803898504453,0.0909090909090909
Otu3223,0.999925655,Eukaryota,Opisthokonta,Fungi,,,,,,0.00016803898504453,0.0909090909090909
Otu1657,0.97795464,Eukaryota,Opisthokonta,Fungi,Chytridiomycota,Chytridiomycotina,Chytridiomycetes,Chytridiomycetes_X,Chytridiomycetes_X_sp.,0.000336077970089061,0.0909090909090909
Otu2376,0.99889348,Eukaryota,Opisthokonta,Fungi,,,,,,0.000336077970089061,0.0909090909090909
Otu2024,0.827687417,Eukaryota,Opisthokonta,Fungi,Fungi_X,Fungi_XX,Fungi_XXX,Fungi_XXXX,Fungi_XXXX_sp.,0.00151235086540077,0.0909090909090909
Otu303,0.999984967,Eukaryota,Opisthokonta,Fungi,Glomeromycota,Glomeromycotina,,,,0.00319274071584608,0.454545454545455
Otu1532,0.983935893,Eukaryota,Opisthokonta,Fungi,Glomeromycota,Glomeromycotina,Glomeromycotina_X,Ambispora,Ambispora_sp.,0.00016803898504453,0.0909090909090909
Otu2845,0.999890538,Eukaryota,Opisthokonta,Fungi,,,,,,0.00050411695513359,0.272727272727273
Otu797,0.99194734,Eukaryota,Opisthokonta,Fungi,Entomophthoromycota,Entomophthoromycotina,Entomophthorales,Conidiobolus,Conidiobolus_nanodes,0.000504116955133591,0.0909090909090909
Otu1493,0.807707913,Eukaryota,Opisthokonta,Fungi,,,,,,0.000672155940178121,0.0909090909090909
Otu3980,0.811819565,Eukaryota,Opisthokonta,Fungi,Fungi_X,Fungi_XX,Fungi_XXX,Fungi_XXXX,Fungi_XXXX_sp.,0.00033607797008906,0.181818181818182
Otu795,0.996716654,Eukaryota,Opisthokonta,Fungi,Ascomycota,Pezizomycotina,Dothideomycetes,,,0.00016803898504453,0.0909090909090909
Otu6233,0.999978431,Eukaryota,Opisthokonta,Fungi,Basidiomycota,Agaricomycotina,Tremellomycetes,,,0.00033607797008906,0.181818181818182
Otu4483,0.989202394,Eukaryota,Opisthokonta,Fungi,Glomeromycota,Glomeromycotina,,,,0.000840194925222653,0.0909090909090909
Otu464,0.728462602,Eukaryota,Opisthokonta,Fungi,Chytridiomycota,Chytridiomycotina,Chytridiomycetes,Chytridiomycetes_X,Chytridiomycetes_X_sp.,0.00016803898504453,0.0909090909090909
Otu2747,0.999973277,Eukaryota,Opisthokonta,Fungi,Chytridiomycota,Chytridiomycotina,Chytridiomycetes,,,0.00016803898504453,0.0909090909090909
Otu10714,0.999902201,Eukaryota,Opisthokonta,Fungi,,,,,,0.000840194925222652,0.272727272727273
Otu1127,0.999999039,Eukaryota,Opisthokonta,Fungi,Chytridiomycota,Chytridiomycotina,Chytridiomycetes,Chytriomyces,Chytriomyces_annulatus,0.000840194925222652,0.181818181818182
Otu7371,0.999947949,Eukaryota,Opisthokonta,Fungi,Ascomycota,Pezizomycotina,Sordariomycetes,,,0.000672155940178121,0.272727272727273
Otu1068,0.921465122,Eukaryota,Opisthokonta,Fungi,,,,,,0.00033607797008906,0.181818181818182
Otu1913,1,Eukaryota,Opisthokonta,Fungi,Basidiomycota,Pucciniomycotina,Pucciniomycetes,,,0.000840194925222653,0.0909090909090909
Otu555,0.997173109,Eukaryota,Opisthokonta,Fungi,Ascomycota,Pezizomycotina,Pezizomycetes,,,0.00016803898504453,0.0909090909090909
Otu1675,0.975116548,Eukaryota,Opisthokonta,Fungi,Basidiomycota,Pucciniomycotina,Cystobasidiomycetes,Erythrobasidium,Erythrobasidium_hasegawianum,0.00016803898504453,0.0909090909090909
Otu3111,0.985915454,Eukaryota,Opisthokonta,Fungi,Blastocladiomycota,Blastocladiomycotina,Blastocladiomycetes,Blastocladiomycota_XX,Blastocladiomycota_XX_sp.,0.00016803898504453,0.0909090909090909
Otu3316,0.994763522,Eukaryota,Opisthokonta,Fungi,Zoopagomycota,Zoopagomycotina,Zoopagomycotina_X,,,0.000336077970089061,0.0909090909090909
Otu851,0.999965239,Eukaryota,Opisthokonta,Fungi,Ascomycota,Pezizomycotina,,,,0.00016803898504453,0.0909090909090909
Otu7686,0.701137183,Eukaryota,Opisthokonta,Fungi,,,,,,0.00016803898504453,0.0909090909090909
Otu2653,0.998903166,Eukaryota,Opisthokonta,Fungi,Cryptomycota,Cryptomycotina,Cryptomycotina_X,Cryptomycotina_XX,Cryptomycotina_XX_sp.,0.00016803898504453,0.0909090909090909
Otu2048,0.999555906,Eukaryota,Opisthokonta,Fungi,Basidiomycota,Agaricomycotina,Agaricomycetes,,,0.000336077970089061,0.0909090909090909
Otu8259,0.959682416,Eukaryota,Opisthokonta,Fungi,Fungi_X,Fungi_XX,Fungi_XXX,Fungi_XXXX,Fungi_XXXX_sp.,0.00016803898504453,0.0909090909090909
Otu1646,0.996561527,Eukaryota,Opisthokonta,Fungi,,,,,,0.00134431188035624,0.363636363636364
Otu1026,0.999939811,Eukaryota,Opisthokonta,Fungi,,,,,,0.00016803898504453,0.0909090909090909
Otu2152,0.985127361,Eukaryota,Opisthokonta,Fungi,Blastocladiomycota,Blastocladiomycotina,Blastocladiomycetes,Blastocladiomycota_XX,Blastocladiomycota_XX_sp.,0.000840194925222651,0.181818181818182
Otu3438,0.804861145,Eukaryota,Opisthokonta,Fungi,Chytridiomycota,Chytridiomycotina,Chytridiomycetes,Spizellomyces,,0.00016803898504453,0.0909090909090909
Otu275,0.986815583,Eukaryota,Opisthokonta,Fungi,Basidiomycota,Pucciniomycotina,Agaricostilbomycetes,Kurtzmanomyces,Kurtzmanomyces_nectairei,0.00016803898504453,0.0909090909090909
Otu1051,0.998884702,Eukaryota,Opisthokonta,Fungi,,,,,,0.00117627289531171,0.363636363636364
Otu1700,0.819160522,Eukaryota,Opisthokonta,Fungi,,,,,,0.00033607797008906,0.181818181818182
Otu547,0.992309008,Eukaryota,Opisthokonta,Fungi,Glomeromycota,Glomeromycotina,Glomeromycetes,Glomus,Glomus_sp.,0.000840194925222652,0.181818181818182
Otu858,0.800081688,Eukaryota,Opisthokonta,Fungi,Kickxellomycota,Kickxellomycotina,Harpellales,Spiromyces,Spiromyces_minutus,0.00033607797008906,0.181818181818182
Otu648,0.999995353,Eukaryota,Opisthokonta,Fungi,Basidiomycota,Entorrhizomycetes,Entorrhizales,Entorrhiza,Entorrhiza_fineranae,0.00016803898504453,0.0909090909090909
Otu8244,0.964549911,Eukaryota,Opisthokonta,Fungi,Basidiomycota,Pucciniomycotina,Cystobasidiomycetes,Rhodotorula,,0.00016803898504453,0.0909090909090909
Otu2195,0.734783424,Eukaryota,Opisthokonta,Fungi,,,,,,0.000336077970089061,0.0909090909090909
Otu3473,0.755148495,Eukaryota,Opisthokonta,Fungi,,,,,,0.00016803898504453,0.0909090909090909
Otu76,0.995665903,Eukaryota,Opisthokonta,Fungi,Basidiomycota,Agaricomycotina,Tremellomycetes,Cryptococcus,,0.000840194925222651,0.181818181818182
Otu2943,0.999837208,Eukaryota,Opisthokonta,Fungi,Cryptomycota,Cryptomycotina,Cryptomycotina_X,Cryptomycotina_XX,Cryptomycotina_XX_sp.,0.00016803898504453,0.0909090909090909
Otu524,0.999454674,Eukaryota,Opisthokonta,Fungi,Basidiomycota,Agaricomycotina,Agaricomycetes,Piriformospora,Piriformospora_indica,0.00016803898504453,0.0909090909090909
Otu3351,0.967103551,Eukaryota,Opisthokonta,Fungi,Zoopagomycota,Zoopagomycotina,Zoopagomycotina_X,Thamnocephalis,Thamnocephalis_sphaerospora,0.00016803898504453,0.0909090909090909
Otu656,0.933579223,Eukaryota,Opisthokonta,Fungi,Fungi_X,Fungi_XX,Fungi_XXX,Fungi_XXXX,Fungi_XXXX_sp.,0.00016803898504453,0.0909090909090909
Otu1485,0.99934008,Eukaryota,Opisthokonta,Fungi,Cryptomycota,Cryptomycotina,Cryptomycotina_X,Cryptomycotina_XX,Cryptomycotina_XX_sp.,0.00016803898504453,0.0909090909090909
Otu2341,0.739709932,Eukaryota,Opisthokonta,Fungi,,,,,,0.00016803898504453,0.0909090909090909
Otu13343,0.999998033,Eukaryota,Opisthokonta,Fungi,Chytridiomycota,Chytridiomycotina,Chytridiomycetes,,,0.00033607797008906,0.181818181818182
Otu7027,0.984955924,Eukaryota,Opisthokonta,Fungi,,,,,,0.00033607797008906,0.181818181818182
Otu5471,0.998207205,Eukaryota,Opisthokonta,Fungi,,,,,,0.00016803898504453,0.0909090909090909
Otu2367,0.822230716,Eukaryota,Opisthokonta,Fungi,Cryptomycota,Cryptomycotina,Cryptomycotina_X,Cryptomycotina_XX,Cryptomycotina_XX_sp.,0.000336077970089061,0.0909090909090909
Otu2046,0.866345453,Eukaryota,Opisthokonta,Fungi,Cryptomycota,Cryptomycotina,Cryptomycotina_X,Cryptomycotina_XX,Cryptomycotina_XX_sp.,0.00033607797008906,0.181818181818182
Otu1132,0.996989322,Eukaryota,Opisthokonta,Fungi,Chytridiomycota,Chytridiomycotina,Chytridiomycetes,Chytridiomycetes_X,Chytridiomycetes_X_sp.,0.00033607797008906,0.181818181818182
Otu13997,0.870667944,Eukaryota,Opisthokonta,Fungi,Mucoromycota,Mucoromycotina,Mucoromycotina_X,Mucoromycotina_XX,Mucoromycotina_XX_sp.,0.00016803898504453,0.0909090909090909
Otu1822,0.996643111,Eukaryota,Opisthokonta,Fungi,,,,,,0.00033607797008906,0.181818181818182
Otu3686,0.999372626,Eukaryota,Opisthokonta,Fungi,,,,,,0.00016803898504453,0.0909090909090909
Otu1670,0.814175901,Eukaryota,Opisthokonta,Fungi,Chytridiomycota,Chytridiomycotina,,,,0.000840194925222651,0.363636363636364
Otu2228,0.994465191,Eukaryota,Opisthokonta,Fungi,Chytridiomycota,Chytridiomycotina,Chytridiomycetes,,,0.000672155940178121,0.0909090909090909
Otu988,1,Eukaryota,Opisthokonta,Fungi,Chytridiomycota,Chytridiomycotina,Chytridiomycetes,Chytriomyces,Chytriomyces_annulatus,0.00016803898504453,0.0909090909090909
Otu5659,0.99970901,Eukaryota,Opisthokonta,Fungi,,,,,,0.00016803898504453,0.0909090909090909
Otu8047,0.998986678,Eukaryota,Opisthokonta,Fungi,Cryptomycota,Cryptomycotina,Cryptomycotina_X,Cryptomycotina_XX,Cryptomycotina_XX_sp.,0.00016803898504453,0.0909090909090909
Otu3186,0.999924759,Eukaryota,Opisthokonta,Fungi,Chytridiomycota,Chytridiomycotina,Chytridiomycetes,,,0.00016803898504453,0.0909090909090909
Otu3150,0.728849148,Eukaryota,Opisthokonta,Fungi,,,,,,0.00016803898504453,0.0909090909090909
Otu10,0.717217156,Eukaryota,Opisthokonta,Fungi,Basidiomycota,Agaricomycotina,Agaricomycetes,Marasmius,Marasmius_oreades,0.038985044530331,0.545454545454545
Otu3501,0.768042585,Eukaryota,Opisthokonta,Fungi,Basidiomycota,Ustilaginomycotina,Exobasidiomycetes,Malassezia,Malassezia_restricta,0.00016803898504453,0.0909090909090909
Otu3551,0.975517064,Eukaryota,Opisthokonta,Fungi,Glomeromycota,Glomeromycotina,Glomeromycotina_X,Glomeromycota_XX,Glomeromycota_XX_sp.,0.00016803898504453,0.0909090909090909
Otu14443,0.721073352,Eukaryota,Opisthokonta,Fungi,Fungi_X,Fungi_XX,Fungi_XXX,Fungi_XXXX,Fungi_XXXX_sp.,0.000672155940178122,0.181818181818182
Otu2630,0.768008729,Eukaryota,Opisthokonta,Fungi,Fungi_X,Fungi_XX,Fungi_XXX,Fungi_XXXX,Fungi_XXXX_sp.,0.00016803898504453,0.0909090909090909
Otu3242,0.978582259,Eukaryota,Opisthokonta,Fungi,,,,,,0.00016803898504453,0.0909090909090909
Otu9068,0.999857599,Eukaryota,Opisthokonta,Fungi,Ascomycota,Pezizomycotina,Sordariomycetes,,,0.000504116955133591,0.181818181818182
Otu2373,0.915755378,Eukaryota,Opisthokonta,Fungi,,,,,,0.00033607797008906,0.181818181818182
Otu904,0.914841328,Eukaryota,Opisthokonta,Fungi,Ascomycota,Pezizomycotina,,,,0.00117627289531171,0.272727272727273
Otu6050,0.786176487,Eukaryota,Opisthokonta,Fungi,,,,,,0.00016803898504453,0.0909090909090909
Otu750,0.999679377,Eukaryota,Opisthokonta,Fungi,Entomophthoromycota,Entomophthoromycotina,Entomophthorales,Conidiobolus,Conidiobolus_firmipilleus,0.00100823391026718,0.272727272727273
Otu888,0.999784231,Eukaryota,Opisthokonta,Fungi,Basidiomycota,Pucciniomycotina,Agaricostilbomycetes,Bensingtonia,,0.000336077970089061,0.0909090909090909
Otu1910,0.982378475,Eukaryota,Opisthokonta,Fungi,,,,,,0.00016803898504453,0.0909090909090909
Otu2445,0.914978272,Eukaryota,Opisthokonta,Fungi,Ascomycota,Pezizomycotina,Sordariomycetes,,,0.00016803898504453,0.0909090909090909
Otu714,0.922624995,Eukaryota,Opisthokonta,Fungi,Chytridiomycota,Chytridiomycotina,Chytridiomycetes,,,0.000672155940178121,0.181818181818182
Otu2870,0.739215422,Eukaryota,Opisthokonta,Fungi,Chytridiomycota,Chytridiomycotina,Chytridiomycetes,,,0.00016803898504453,0.0909090909090909
Otu64,0.999985919,Eukaryota,Opisthokonta,Fungi,Basidiomycota,Agaricomycotina,Agaricomycetes,,,0.00016803898504453,0.0909090909090909
Otu4577,0.9092909,Eukaryota,Opisthokonta,Fungi,Cryptomycota,Cryptomycotina,Cryptomycotina_X,Cryptomycotina_XX,Cryptomycotina_XX_sp.,0.00016803898504453,0.0909090909090909
Otu1829,0.999900148,Eukaryota,Opisthokonta,Fungi,Basidiomycota,Agaricomycotina,Agaricomycetes,,,0.00016803898504453,0.0909090909090909
Otu12438,0.999830366,Eukaryota,Opisthokonta,Fungi,Ascomycota,Pezizomycotina,Sordariomycetes,Melanospora,,0.00016803898504453,0.0909090909090909
Otu564,0.995593316,Eukaryota,Opisthokonta,Fungi,Chytridiomycota,Chytridiomycotina,Chytridiomycetes,,,0.00201646782053437,0.272727272727273
Otu2311,0.996379744,Eukaryota,Opisthokonta,Fungi,,,,,,0.00033607797008906,0.181818181818182
Otu9391,0.967459614,Eukaryota,Opisthokonta,Fungi,Mucoromycota,Mucoromycotina,Mucoromycotina_X,Mucoromycotina_XX,Mucoromycotina_XX_sp.,0.00016803898504453,0.0909090909090909
Otu2755,0.902233022,Eukaryota,Opisthokonta,Fungi,Chytridiomycota,Chytridiomycotina,Chytridiomycetes,,,0.00134431188035625,0.0909090909090909
Otu1698,0.749995737,Eukaryota,Opisthokonta,Fungi,Chytridiomycota,Chytridiomycotina,Monoblepharidomycetes,Harpochytrium,Harpochytrium_sp.,0.000336077970089061,0.0909090909090909
Otu5089,0.755255896,Eukaryota,Opisthokonta,Fungi,Ascomycota,Pezizomycotina,,,,0.00050411695513359,0.272727272727273
Otu2593,0.999364438,Eukaryota,Opisthokonta,Fungi,Ascomycota,Pezizomycotina,Pezizomycetes,Byssonectria,Byssonectria_fusispora,0.00016803898504453,0.0909090909090909
Otu14483,0.824188041,Eukaryota,Opisthokonta,Fungi,Chytridiomycota,Chytridiomycotina,Chytridiomycetes,Triparticalcar,Triparticalcar_sp.,0.00016803898504453,0.0909090909090909
Otu3260,0.999331412,Eukaryota,Opisthokonta,Fungi,,,,,,0.00016803898504453,0.0909090909090909
Otu70,0.999816851,Eukaryota,Opisthokonta,Fungi,Ascomycota,Pezizomycotina,Sordariomycetes,,,0.00016803898504453,0.0909090909090909
Otu5930,0.844956873,Eukaryota,Opisthokonta,Fungi,,,,,,0.00016803898504453,0.0909090909090909
Otu4330,1,Eukaryota,Opisthokonta,Fungi,Basidiomycota,Pucciniomycotina,,,,0.00016803898504453,0.0909090909090909
Otu3215,0.999937664,Eukaryota,Opisthokonta,Fungi,Basidiomycota,Agaricomycotina,Agaricomycetes,,,0.00151235086540077,0.181818181818182
Otu7585,0.739159179,Eukaryota,Opisthokonta,Fungi,Fungi_X,Fungi_XX,Fungi_XXX,Fungi_XXXX,Fungi_XXXX_sp.,0.00033607797008906,0.181818181818182
Otu2126,0.994930641,Eukaryota,Opisthokonta,Fungi,Ascomycota,Pezizomycotina,,,,0.000672155940178121,0.181818181818182
Otu3858,0.998906112,Eukaryota,Opisthokonta,Fungi,Cryptomycota,Cryptomycotina,Cryptomycotina_X,Cryptomycotina_XX,Cryptomycotina_XX_sp.,0.00016803898504453,0.0909090909090909
Otu2179,0.735431925,Eukaryota,Opisthokonta,Fungi,Chytridiomycota,Chytridiomycotina,Chytridiomycetes,,,0.00117627289531171,0.272727272727273
Otu3629,0.999157656,Eukaryota,Opisthokonta,Fungi,Fungi_X,Fungi_XX,Fungi_XXX,Fungi_XXXX,Fungi_XXXX_sp.,0.00016803898504453,0.0909090909090909
Otu2449,0.778164058,Eukaryota,Opisthokonta,Fungi,Cryptomycota,Cryptomycotina,Cryptomycotina_X,Cryptomycotina_XX,Cryptomycotina_XX_sp.,0.00016803898504453,0.0909090909090909
Otu2782,0.999969911,Eukaryota,Opisthokonta,Fungi,Entomophthoromycota,Entomophthoromycotina,Entomophthorales,Conidiobolus,,0.00033607797008906,0.181818181818182
Otu3289,0.970821187,Eukaryota,Opisthokonta,Fungi,Chytridiomycota,Chytridiomycotina,Chytridiomycetes,Chytridiomycetes_X,Chytridiomycetes_X_sp.,0.00016803898504453,0.0909090909090909
Otu4281,0.999391141,Eukaryota,Opisthokonta,Fungi,Basidiomycota,Agaricomycotina,Agaricomycetes,,,0.00016803898504453,0.0909090909090909
Otu2458,0.999697016,Eukaryota,Opisthokonta,Fungi,Ascomycota,Pezizomycotina,Sordariomycetes,,,0.00016803898504453,0.0909090909090909
Otu812,0.807150172,Eukaryota,Opisthokonta,Fungi,,,,,,0.00100823391026718,0.272727272727273
Otu2564,1,Eukaryota,Opisthokonta,Fungi,Basidiomycota,Agaricomycotina,Agaricomycetes,Tulasnella,Tulasnella_sp.,0.00016803898504453,0.0909090909090909
Otu2379,0.999855344,Eukaryota,Opisthokonta,Fungi,Basidiomycota,Pucciniomycotina,Agaricostilbomycetes,Agaricostilbomycetes_X,Agaricostilbomycetes_X_sp.,0.00016803898504453,0.0909090909090909
Otu5806,0.944804861,Eukaryota,Opisthokonta,Fungi,,,,,,0.00016803898504453,0.0909090909090909
Otu1133,0.778532137,Eukaryota,Opisthokonta,Fungi,Basidiomycota,Pucciniomycotina,Microbotryomycetes,Sporidiobolus,Sporidiobolus_ruineniae,0.000504116955133591,0.0909090909090909
Otu344,0.985265955,Eukaryota,Opisthokonta,Fungi,Kickxellomycota,Kickxellomycotina,Harpellales,Spiromyces,Spiromyces_minutus,0.00117627289531171,0.363636363636364
Otu14461,0.738500213,Eukaryota,Opisthokonta,Fungi,Chytridiomycota,Chytridiomycotina,Chytridiomycetes,,,0.00016803898504453,0.0909090909090909
Otu6969,0.906065379,Eukaryota,Opisthokonta,Fungi,Ascomycota,Pezizomycotina,,,,0.000504116955133591,0.181818181818182
Otu560,0.86655467,Eukaryota,Opisthokonta,Fungi,Fungi_X,Fungi_XX,Fungi_XXX,Fungi_XXXX,Fungi_XXXX_sp.,0.000336077970089061,0.0909090909090909
Otu2074,0.889116632,Eukaryota,Opisthokonta,Fungi,Ascomycota,Pezizomycotina,Sordariomycetes,Acremonium,Acremonium_pinkertoniae,0.00016803898504453,0.0909090909090909
Otu4711,0.966014547,Eukaryota,Opisthokonta,Fungi,,,,,,0.000336077970089061,0.0909090909090909
Otu881,0.950742916,Eukaryota,Opisthokonta,Fungi,Fungi_X,Fungi_XX,Fungi_XXX,Fungi_XXXX,Fungi_XXXX_sp.,0.000840194925222651,0.181818181818182
Otu3191,0.813027402,Eukaryota,Opisthokonta,Fungi,Ascomycota,Pezizomycotina,Sordariomycetes,Haptocillium,,0.00016803898504453,0.0909090909090909
Otu1392,0.999270649,Eukaryota,Opisthokonta,Fungi,Zoopagomycota,Zoopagomycotina,Zoopagomycotina_X,Cochlonema,Cochlonema_euryblastum,0.000840194925222651,0.181818181818182
Otu3103,0.967081974,Eukaryota,Opisthokonta,Fungi,,,,,,0.000672155940178121,0.272727272727273
Otu668,0.999838755,Eukaryota,Opisthokonta,Fungi,Basidiomycota,Agaricomycotina,Tremellomycetes,,,0.000336077970089061,0.0909090909090909
Otu6040,0.993628621,Eukaryota,Opisthokonta,Fungi,,,,,,0.00016803898504453,0.0909090909090909
Otu14116,0.746522011,Eukaryota,Opisthokonta,Fungi,,,,,,0.00016803898504453,0.0909090909090909
Otu8964,0.999896669,Eukaryota,Opisthokonta,Fungi,Basidiomycota,Agaricomycotina,Agaricomycetes,,,0.00016803898504453,0.0909090909090909
Otu454,0.994951474,Eukaryota,Opisthokonta,Fungi,,,,,,0.00604940346160309,0.727272727272727
Otu3292,0.887786591,Eukaryota,Opisthokonta,Fungi,Chytridiomycota,Chytridiomycotina,Chytridiomycetes,,,0.00235254579062343,0.363636363636364
Otu532,0.920573034,Eukaryota,Opisthokonta,Fungi,,,,,,0.00487313056629138,0.636363636363636
Otu1649,0.999647442,Eukaryota,Opisthokonta,Fungi,Chytridiomycota,Chytridiomycotina,Chytridiomycetes,,,0.000336077970089061,0.0909090909090909
Otu1270,0.794694825,Eukaryota,Opisthokonta,Fungi,Ascomycota,Pezizomycotina,,,,0.00319274071584607,0.454545454545455
Otu2413,0.80874819,Eukaryota,Opisthokonta,Fungi,,,,,,0.000840194925222651,0.181818181818182
Otu2319,0.923922517,Eukaryota,Opisthokonta,Fungi,,,,,,0.000504116955133591,0.181818181818182
Otu5505,0.804726076,Eukaryota,Opisthokonta,Fungi,Fungi_X,Fungi_XX,Fungi_XXX,Fungi_XXXX,Fungi_XXXX_sp.,0.00016803898504453,0.0909090909090909
Otu11261,0.751250285,Eukaryota,Opisthokonta,Fungi,Basidiomycota,Agaricomycotina,Agaricomycetes,Campanella_fungus,,0.00016803898504453,0.0909090909090909
Otu9857,0.895553214,Eukaryota,Opisthokonta,Fungi,,,,,,0.00016803898504453,0.0909090909090909
Otu2786,0.847835959,Eukaryota,Opisthokonta,Fungi,Cryptomycota,Cryptomycotina,Cryptomycotina_X,Cryptomycotina_XX,Cryptomycotina_XX_sp.,0.000672155940178121,0.272727272727273
Otu1826,0.846352438,Eukaryota,Opisthokonta,Fungi,,,,,,0.00268862376071248,0.0909090909090909
Otu3722,0.9973227,Eukaryota,Opisthokonta,Fungi,Chytridiomycota,Chytridiomycotina,Chytridiomycetes,,,0.000336077970089061,0.0909090909090909
Otu2243,0.96348963,Eukaryota,Opisthokonta,Fungi,,,,,,0.00033607797008906,0.181818181818182
Otu515,0.730425764,Eukaryota,Opisthokonta,Fungi,Fungi_X,Fungi_XX,Fungi_XXX,Fungi_XXXX,Fungi_XXXX_sp.,0.00016803898504453,0.0909090909090909
Otu5055,0.761679674,Eukaryota,Opisthokonta,Fungi,Fungi_X,Fungi_XX,Fungi_XXX,Fungi_XXXX,Fungi_XXXX_sp.,0.00016803898504453,0.0909090909090909
Otu8225,0.813662128,Eukaryota,Opisthokonta,Fungi,Mucoromycota,Mucoromycotina,Mucoromycotina_X,Mortierella,,0.000504116955133591,0.181818181818182
Otu3832,0.849397046,Eukaryota,Opisthokonta,Fungi,,,,,,0.00016803898504453,0.0909090909090909
Otu946,0.998739218,Eukaryota,Opisthokonta,Fungi,,,,,,0.00016803898504453,0.0909090909090909
Otu396,0.99995066,Eukaryota,Opisthokonta,Fungi,Basidiomycota,Agaricomycotina,Agaricomycetes,Guehomyces,Guehomyces_pullulans,0.00016803898504453,0.0909090909090909
Otu4567,0.999903624,Eukaryota,Opisthokonta,Fungi,Fungi_X,Fungi_XX,Fungi_XXX,Fungi_XXXX,Fungi_XXXX_sp.,0.00016803898504453,0.0909090909090909
Otu1421,0.965180377,Eukaryota,Opisthokonta,Fungi,Cryptomycota,Cryptomycotina,Cryptomycotina_X,Cryptomycotina_XX,Cryptomycotina_XX_sp.,0.000336077970089061,0.0909090909090909
Otu2856,0.827463603,Eukaryota,Opisthokonta,Fungi,,,,,,0.00016803898504453,0.0909090909090909
Otu5295,0.798271303,Eukaryota,Opisthokonta,Fungi,Cryptomycota,Cryptomycotina,Cryptomycotina_X,Cryptomycotina_XX,Cryptomycotina_XX_sp.,0.00016803898504453,0.0909090909090909
Otu6601,0.828412549,Eukaryota,Opisthokonta,Fungi,Chytridiomycota,Chytridiomycotina,Chytridiomycetes,Rhyzophidiales_X,Rhyzophidiales_X_sp.,0.00016803898504453,0.0909090909090909
Otu3318,0.999999999,Eukaryota,Opisthokonta,Fungi,Zoopagomycota,Zoopagomycotina,Zoopagomycotina_X,Cochlonema,Cochlonema_euryblastum,0.00016803898504453,0.0909090909090909
Otu1282,0.997826014,Eukaryota,Opisthokonta,Fungi,Cryptomycota,Cryptomycotina,Cryptomycotina_X,Cryptomycotina_XX,Cryptomycotina_XX_sp.,0.00033607797008906,0.181818181818182
Otu1846,0.99950349,Eukaryota,Opisthokonta,Fungi,Chytridiomycota,Chytridiomycotina,Chytridiomycetes,Rhizophydium,Rhizophydium_sp.,0.000672155940178121,0.0909090909090909
Otu4194,0.998351993,Eukaryota,Opisthokonta,Fungi,,,,,,0.00016803898504453,0.0909090909090909
Otu12104,0.83871542,Eukaryota,Opisthokonta,Fungi,,,,,,0.00016803898504453,0.0909090909090909
Otu3749,0.999563649,Eukaryota,Opisthokonta,Fungi,Cryptomycota,Cryptomycotina,Cryptomycotina_X,Cryptomycotina_XX,Cryptomycotina_XX_sp.,0.00033607797008906,0.181818181818182
Otu3891,0.882185079,Eukaryota,Opisthokonta,Fungi,Fungi_X,Fungi_XX,Fungi_XXX,Fungi_XXXX,Fungi_XXXX_sp.,0.00016803898504453,0.0909090909090909
Otu3441,0.980363317,Eukaryota,Opisthokonta,Fungi,,,,,,0.000504116955133591,0.0909090909090909
Otu4971,0.775479341,Eukaryota,Opisthokonta,Fungi,Fungi_X,Fungi_XX,Fungi_XXX,Fungi_XXXX,Fungi_XXXX_sp.,0.00016803898504453,0.0909090909090909
Otu1729,0.706601818,Eukaryota,Opisthokonta,Fungi,,,,,,0.00016803898504453,0.0909090909090909
Otu4177,0.939375079,Eukaryota,Opisthokonta,Fungi,,,,,,0.00016803898504453,0.0909090909090909
Otu3569,0.700609812,Eukaryota,Opisthokonta,Fungi,,,,,,0.00016803898504453,0.0909090909090909
Otu3378,0.965681179,Eukaryota,Opisthokonta,Fungi,,,,,,0.00016803898504453,0.0909090909090909
Otu3973,0.987910455,Eukaryota,Opisthokonta,Fungi,Ascomycota,Pezizomycotina,Sordariomycetes,,,0.000336077970089061,0.0909090909090909
Otu6195,0.80961113,Eukaryota,Opisthokonta,Fungi,,,,,,0.00016803898504453,0.0909090909090909
Otu3102,0.81657256,Eukaryota,Opisthokonta,Fungi,Cryptomycota,Cryptomycotina,Cryptomycotina_X,Cryptomycotina_XX,Cryptomycotina_XX_sp.,0.000672155940178121,0.272727272727273
Otu2618,0.975053642,Eukaryota,Opisthokonta,Fungi,Basidiomycota,Pucciniomycotina,Cystobasidiomycetes,Cystobasidiomycetes_X,Cystobasidiomycetes_X_sp.,0.00016803898504453,0.0909090909090909
Otu363,0.953823418,Eukaryota,Opisthokonta,Fungi,,,,,,0.00201646782053436,0.272727272727273
Otu585,0.762331447,Eukaryota,Opisthokonta,Fungi,Basidiomycota,Agaricomycotina,Agaricomycetes,Chaetospermum,Chaetospermum_camelliae,0.000336077970089061,0.0909090909090909
Otu8118,0.778009874,Eukaryota,Opisthokonta,Fungi,,,,,,0.00016803898504453,0.0909090909090909
Otu6960,0.791958629,Eukaryota,Opisthokonta,Fungi,Chytridiomycota,Chytridiomycotina,Chytridiomycetes,,,0.00016803898504453,0.0909090909090909
Otu5993,0.946608706,Eukaryota,Opisthokonta,Fungi,,,,,,0.00016803898504453,0.0909090909090909
Otu4193,0.993653174,Eukaryota,Opisthokonta,Fungi,Basidiomycota,Pucciniomycotina,Pucciniomycetes,Melampsora,Melampsora_occidentalis,0.000336077970089061,0.0909090909090909
Otu2475,0.91675327,Eukaryota,Opisthokonta,Fungi,Fungi_X,Fungi_XX,Fungi_XXX,Fungi_XXXX,Fungi_XXXX_sp.,0.000840194925222651,0.181818181818182
Otu13876,0.717484037,Eukaryota,Opisthokonta,Fungi,Chytridiomycota,Chytridiomycotina,Chytridiomycetes,Phlyctochytrium,Phlyctochytrium_bullatum,0.00016803898504453,0.0909090909090909
Otu12772,0.999904754,Eukaryota,Opisthokonta,Fungi,Ascomycota,Pezizomycotina,Pezizomycetes,,,0.00016803898504453,0.0909090909090909
Otu4844,0.858145091,Eukaryota,Opisthokonta,Fungi,Fungi_X,Fungi_XX,Fungi_XXX,Fungi_XXXX,Fungi_XXXX_sp.,0.00016803898504453,0.0909090909090909
Otu469,0.940385087,Eukaryota,Opisthokonta,Fungi,Glomeromycota,Glomeromycotina,Glomeromycetes,Glomus,Glomus_sp.,0.000336077970089061,0.0909090909090909
Otu3089,0.880484571,Eukaryota,Opisthokonta,Fungi,Zoopagomycota,Zoopagomycotina,Zoopagomycotina_X,Piptocephalis,Piptocephalis_corymbifera,0.00016803898504453,0.0909090909090909
Otu5341,0.999913731,Eukaryota,Opisthokonta,Fungi,,,,,,0.00016803898504453,0.0909090909090909
Otu15095,0.909048254,Eukaryota,Opisthokonta,Fungi,,,,,,0.00016803898504453,0.0909090909090909
Otu4780,0.831826322,Eukaryota,Opisthokonta,Fungi,,,,,,0.00016803898504453,0.0909090909090909
Otu3801,0.842142659,Eukaryota,Opisthokonta,Fungi,Fungi_X,Fungi_XX,Fungi_XXX,Fungi_XXXX,Fungi_XXXX_sp.,0.00016803898504453,0.0909090909090909
Otu3492,0.999733414,Eukaryota,Opisthokonta,Fungi,Zoopagomycota,Zoopagomycotina,Zoopagomycotina_X,,,0.00033607797008906,0.181818181818182
Otu538,0.989879529,Eukaryota,Opisthokonta,Fungi,Basidiomycota,Agaricomycotina,Tremellomycetes,,,0.00016803898504453,0.0909090909090909
Otu11108,0.755936418,Eukaryota,Opisthokonta,Fungi,Ascomycota,Saccharomycotina,Saccharomycetales,,,0.00016803898504453,0.0909090909090909
Otu6002,0.900470428,Eukaryota,Opisthokonta,Fungi,,,,,,0.00016803898504453,0.0909090909090909
Otu3650,0.715726252,Eukaryota,Opisthokonta,Fungi,,,,,,0.000672155940178121,0.181818181818182
Otu88,0.871559338,Eukaryota,Opisthokonta,Fungi,Ascomycota,Saccharomycotina,Saccharomycetales,Candida,,0.00016803898504453,0.0909090909090909
Otu1838,0.917919492,Eukaryota,Opisthokonta,Fungi,,,,,,0.00016803898504453,0.0909090909090909
Otu2895,0.834407396,Eukaryota,Opisthokonta,Fungi,,,,,,0.00016803898504453,0.0909090909090909
Otu7774,0.882606175,Eukaryota,Opisthokonta,Fungi,,,,,,0.00016803898504453,0.0909090909090909
Otu5321,0.877220438,Eukaryota,Opisthokonta,Fungi,Chytridiomycota,Chytridiomycotina,Chytridiomycetes,Chytriomyces,Chytriomyces_annulatus,0.00016803898504453,0.0909090909090909
Otu4864,0.998476917,Eukaryota,Opisthokonta,Fungi,Ascomycota,Saccharomycotina,Saccharomycetales,Candida,,0.00016803898504453,0.0909090909090909
Otu11346,0.756635632,Eukaryota,Opisthokonta,Fungi,,,,,,0.00016803898504453,0.0909090909090909
Otu14605,0.99906462,Eukaryota,Opisthokonta,Fungi,Chytridiomycota,Chytridiomycotina,Chytridiomycetes,,,0.00016803898504453,0.0909090909090909
Otu7858,0.833501685,Eukaryota,Opisthokonta,Fungi,Fungi_X,Fungi_XX,Fungi_XXX,Fungi_XXXX,Fungi_XXXX_sp.,0.00016803898504453,0.0909090909090909
Otu1423,0.990828035,Eukaryota,Opisthokonta,Fungi,Basidiomycota,Pucciniomycotina,Cystobasidiomycetes,Sporobolomyces,,0.00016803898504453,0.0909090909090909
Otu7762,0.977617254,Eukaryota,Opisthokonta,Fungi,Fungi_X,Fungi_XX,Fungi_XXX,Fungi_XXXX,Fungi_XXXX_sp.,0.00016803898504453,0.0909090909090909
Otu8396,0.917664426,Eukaryota,Opisthokonta,Fungi,,,,,,0.000672155940178121,0.0909090909090909
Otu1779,0.770289565,Eukaryota,Opisthokonta,Fungi,Fungi_X,Fungi_XX,Fungi_XXX,Fungi_XXXX,Fungi_XXXX_sp.,0.000336077970089061,0.0909090909090909
Otu4187,0.999999629,Eukaryota,Opisthokonta,Fungi,Fungi_X,Fungi_XX,Fungi_XXX,Zoophagus,Zoophagus_insidians,0.00016803898504453,0.0909090909090909
Otu12063,0.720686739,Eukaryota,Opisthokonta,Fungi,,,,,,0.00016803898504453,0.0909090909090909
Otu2165,0.987763368,Eukaryota,Opisthokonta,Fungi,,,,,,0.00016803898504453,0.0909090909090909
Otu6691,0.745424491,Eukaryota,Opisthokonta,Fungi,Fungi_X,Fungi_XX,Fungi_XXX,Fungi_XXXX,Fungi_XXXX_sp.,0.00016803898504453,0.0909090909090909
Otu5685,0.999118376,Eukaryota,Opisthokonta,Fungi,Basidiomycota,Agaricomycotina,Agaricomycetes,,,0.00789783229709293,0.0909090909090909
Otu7599,0.718488187,Eukaryota,Opisthokonta,Fungi,,,,,,0.00016803898504453,0.0909090909090909
Otu11027,0.714708902,Eukaryota,Opisthokonta,Fungi,,,,,,0.00016803898504453,0.0909090909090909
Otu1554,1,Eukaryota,Opisthokonta,Fungi,Basidiomycota,Agaricomycotina,Monilycetes,Moniliella,,0.00016803898504453,0.0909090909090909
Otu8640,0.984081264,Eukaryota,Opisthokonta,Fungi,,,,,,0.00016803898504453,0.0909090909090909
Otu9412,0.866014633,Eukaryota,Opisthokonta,Fungi,,,,,,0.00016803898504453,0.0909090909090909
Otu7900,0.99836946,Eukaryota,Opisthokonta,Fungi,,,,,,0.00016803898504453,0.0909090909090909
Otu1082,0.714340513,Eukaryota,Opisthokonta,Fungi,Fungi_X,Fungi_XX,Fungi_XXX,Fungi_XXXX,Fungi_XXXX_sp.,0.00016803898504453,0.0909090909090909
Otu4409,0.902027713,Eukaryota,Opisthokonta,Fungi,Cryptomycota,Cryptomycotina,Cryptomycotina_X,Cryptomycotina_XX,Cryptomycotina_XX_sp.,0.00016803898504453,0.0909090909090909
Otu13864,0.825475917,Eukaryota,Opisthokonta,Fungi,,,,,,0.00016803898504453,0.0909090909090909
Otu11344,0.9992917,Eukaryota,Opisthokonta,Fungi,Zoopagomycota,Zoopagomycotina,Zoopagomycotina_X,Zoopagomycotina_XX,Zoopagomycotina_XX_sp.,0.00016803898504453,0.0909090909090909
Otu8205,0.922546873,Eukaryota,Opisthokonta,Fungi,Basidiomycota,Agaricomycotina,Agaricomycetes,Scytinostroma,,0.00016803898504453,0.0909090909090909
Otu1011,0.999071343,Eukaryota,Opisthokonta,Fungi,Ascomycota,Saccharomycotina,Saccharomycetales,Starmerella,Starmerella_sp.,0.00016803898504453,0.0909090909090909
Otu13514,0.999208115,Eukaryota,Opisthokonta,Fungi,Cryptomycota,Cryptomycotina,Cryptomycotina_X,Cryptomycotina_XX,Cryptomycotina_XX_sp.,0.000504116955133591,0.0909090909090909
Otu1991,0.999303969,Eukaryota,Opisthokonta,Fungi,Cryptomycota,Cryptomycotina,Cryptomycotina_X,Cryptomycotina_XX,Cryptomycotina_XX_sp.,0.00117627289531171,0.0909090909090909
