,Kingdom,Phylum,Class,Order,Family,Genus,Species,Kingdom.Confidence,Phylum.Confidence,Class.Confidence,Order.Confidence,Family.Confidence,Genus.Confidence,Abun,frequency
493564de8deafaaca9b2ed27d2b6920b,Archaea,Crenarchaeota,Nitrososphaeria,Nitrososphaerales,Nitrososphaeraceae,unclassified,unclassified,1,1,1,1,1,1,0.486784447381234,1
c0c154e05660037ec3b4a48f7b790364,Archaea,Crenarchaeota,Nitrososphaeria,Nitrososphaerales,Nitrososphaeraceae,Candidatus_Nitrocosmicus,unclassified,1,1,1,1,1,0.68,0.109665901555726,1
646d5b9062b22a1e3a1ec1986a855f62,Archaea,Crenarchaeota,Nitrososphaeria,Nitrososphaerales,Nitrososphaeraceae,unclassified,unclassified,1,1,1,1,1,0.98,0.058681690663328,1
3be82cf832cada69d2385e3ae4d148a9,Archaea,Crenarchaeota,Nitrososphaeria,Nitrososphaerales,Nitrososphaeraceae,unclassified,unclassified,1,1,1,1,1,0.99,0.0830840926479794,1
9d7af83a1e2fc91556d87b6865292a9a,Archaea,Crenarchaeota,Nitrososphaeria,Nitrososphaerales,Nitrososphaeraceae,unclassified,unclassified,1,1,1,1,1,1,0.0201595140386265,1
7cfc4db5e6907cc0ca798828dfa8bf51,Archaea,Nanoarchaeota,Nanoarchaeia,Woesearchaeales,unclassified,unclassified,unclassified,0.98,0.73,0.73,0.73,0.34,0.34,0.000197074030279845,0.181818181818182
23a112a9a135efefb7832a8891209e74,Archaea,Crenarchaeota,Nitrososphaeria,Nitrososphaerales,Nitrososphaeraceae,unclassified,unclassified,1,1,1,1,1,0.99,0.119589158609817,1
30663607798226a8669ca7c6e3deb903,Archaea,Crenarchaeota,Nitrososphaeria,Nitrososphaerales,Nitrososphaeraceae,Candidatus_Nitrososphaera,unclassified,1,1,1,1,1,1,0.0376643249634833,1
7860130e7d02cabbef9dc43635bf2bf3,Archaea,Crenarchaeota,Nitrososphaeria,Nitrososphaerales,Nitrososphaeraceae,unclassified,unclassified,1,1,1,1,1,0.85,0.00672370220954765,1
03f210497c0c675e81fcbb852d4ce60e,Archaea,Crenarchaeota,Nitrososphaeria,Nitrososphaerales,Nitrososphaeraceae,Candidatus_Nitrososphaera,unclassified,1,1,1,1,1,1,0.00274744383390137,1
d5db5b89d3757cfb56bacc6bd406cae8,Archaea,Crenarchaeota,Nitrososphaeria,Group_1.1c,unclassified,unclassified,unclassified,1,1,1,0.95,0.95,0.95,0.000985370151399225,1
79d7fab84f7fc95646fe8f9bc52a4088,Archaea,Crenarchaeota,Nitrososphaeria,Nitrososphaerales,Nitrososphaeraceae,Candidatus_Nitrososphaera,unclassified,1,1,1,1,1,0.95,0.00824233150170411,1
5da2d45b0bbd06a8f6fbbce9633fa374,Archaea,Thermoplasmatota,unclassified,unclassified,unclassified,unclassified,unclassified,1,0.86,0.46,0.46,0.46,0.46,0.000753518351069996,0.818181818181818
7aa38cec7f0ff0da1ec16c8883fd2fc2,Archaea,Nanoarchaeota,Nanoarchaeia,Woesearchaeales,unclassified,unclassified,unclassified,1,0.96,0.96,0.95,0.88,0.88,2.31851800329229e-05,0.181818181818182
b8de2ca2510e7193c9b40c74e6eb2a0b,Archaea,Crenarchaeota,Nitrososphaeria,Nitrososphaerales,Nitrososphaeraceae,unclassified,unclassified,1,1,1,1,1,0.94,0.00206348102293014,1
d73db7165b8f5daaafc14661fd5e514f,Archaea,Crenarchaeota,Nitrososphaeria,Nitrosotaleales,Nitrosotaleaceae,Candidatus_Nitrosotalea,unclassified,1,1,1,1,1,1,0.00664255407943242,0.818181818181818
74a97f6c261a13abbb0b5a7e60c93b27,Archaea,Thermoplasmatota,unclassified,unclassified,unclassified,unclassified,unclassified,1,0.85,0.24,0.24,0.24,0.24,0.000370962880526768,0.909090909090909
f718c55cbdf135388d262c8694259841,Archaea,Crenarchaeota,Nitrososphaeria,Nitrososphaerales,Nitrososphaeraceae,Candidatus_Nitrososphaera,unclassified,1,1,1,1,1,0.77,3.47777700493844e-05,0.272727272727273
5408d9d7ea48760cc3958cd7f0e0e1e2,Archaea,Crenarchaeota,Nitrososphaeria,Nitrososphaerales,Nitrososphaeraceae,unclassified,unclassified,1,1,1,1,1,0.98,5.79629500823074e-05,0.272727272727273
91b403bf28c846b3fed445f419768be0,Archaea,Crenarchaeota,Nitrososphaeria,Nitrososphaerales,Nitrososphaeraceae,unclassified,unclassified,1,1,1,1,1,0.95,0.00177366627251861,1
ea5e872f4f2c06c63d2221b3c78dded3,Archaea,Thermoplasmatota,Thermoplasmata,unclassified,unclassified,unclassified,unclassified,0.98,0.89,0.71,0.43,0.43,0.43,0.00395307319561337,1
4108ed12719f89edc78c6ef5246c5625,Archaea,Crenarchaeota,Nitrososphaeria,Marine_Benthic_Group_A,unclassified,unclassified,unclassified,1,1,1,0.61,0.61,0.61,0.000579629500823074,0.818181818181818
5ae18ef98de230850f2e0aa00ffad913,Archaea,Crenarchaeota,Nitrososphaeria,Nitrososphaerales,Nitrososphaeraceae,unclassified,unclassified,1,1,1,1,1,0.54,0.000718740581020611,1
e487145a0664e0118c90d46597f1cc09,Archaea,Nanoarchaeota,Nanoarchaeia,Woesearchaeales,unclassified,unclassified,unclassified,0.91,0.76,0.76,0.76,0.69,0.69,1.15925900164615e-05,0.0909090909090909
5a57689f480a337f67b718a66c58c6c0,Archaea,Crenarchaeota,Nitrososphaeria,Nitrososphaerales,Nitrososphaeraceae,Candidatus_Nitrososphaera,unclassified,1,1,1,1,1,0.74,0.00375599916533352,1
25a3bbb3b9422aa8140a93985ae467b5,Archaea,Crenarchaeota,Nitrososphaeria,Nitrososphaerales,Nitrososphaeraceae,unclassified,unclassified,1,1,1,1,1,0.67,0.000741925761053535,1
1797dd00499cabae8df156ec4460309f,Archaea,Crenarchaeota,Nitrososphaeria,Nitrososphaerales,Nitrososphaeraceae,unclassified,unclassified,1,1,1,1,1,0.96,0.00175048109248568,1
ec7664d1bdebe77416d7d3b6360be425,Archaea,Crenarchaeota,Nitrososphaeria,Nitrososphaerales,Nitrososphaeraceae,Candidatus_Nitrososphaera,unclassified,1,1,1,1,1,0.77,0.000173888850246922,0.636363636363636
5af7c72c817ba99e2d4a8d1ffde7630a,Archaea,Nanoarchaeota,Nanoarchaeia,Woesearchaeales,unclassified,unclassified,unclassified,0.97,0.75,0.75,0.75,0.51,0.51,2.3185180032923e-05,0.0909090909090909
dcde1e8e65f73da67beb76bdc3a98fa5,Archaea,Crenarchaeota,Nitrososphaeria,Nitrososphaerales,Nitrososphaeraceae,unclassified,unclassified,1,1,1,1,1,1,0.00557603579791796,1
588dc11b19dd0c86b9e33b182667cbdc,Archaea,Thermoplasmatota,unclassified,unclassified,unclassified,unclassified,unclassified,1,0.86,0.17,0.17,0.17,0.17,0.00031299993044446,0.545454545454545
d7f271446f8e1bdedddf796cea8831b7,Archaea,Nanoarchaeota,Nanoarchaeia,Woesearchaeales,CG1-02-57-44,unclassified,unclassified,0.99,0.95,0.95,0.95,0.67,0.67,3.47777700493844e-05,0.272727272727273
561a63fd5767c4f8ce72d35d0f91bc43,Archaea,Crenarchaeota,Nitrososphaeria,Nitrososphaerales,Nitrososphaeraceae,unclassified,unclassified,1,1,1,1,1,0.79,0.000962184971366302,0.909090909090909
073bdf051c36b1911a28cc1d8b41ed15,Archaea,Crenarchaeota,Nitrososphaeria,Nitrososphaerales,Nitrososphaeraceae,unclassified,unclassified,1,1,1,1,1,0.56,6.95555400987689e-05,0.363636363636364
80493d4c7a8e4b23db27f281d5250604,Archaea,Crenarchaeota,Nitrososphaeria,Nitrososphaerales,Nitrososphaeraceae,unclassified,unclassified,1,1,1,1,1,0.91,0.000382555470543229,0.727272727272727
43095dd08c0e254c63ecd2c3273ae81e,Archaea,Thermoplasmatota,unclassified,unclassified,unclassified,unclassified,unclassified,0.86,0.69,0.49,0.29,0.2,0.2,0.0031299993044446,1
a4a94cdd3d346794b7d40d700b0d426e,Archaea,Crenarchaeota,Nitrososphaeria,Nitrososphaerales,Nitrososphaeraceae,unclassified,unclassified,1,1,1,1,1,0.97,0.00227214764322645,0.909090909090909
5aa15e3c8a991c4cd29be3683bc2306e,Archaea,Nanoarchaeota,Nanoarchaeia,Woesearchaeales,unclassified,unclassified,unclassified,0.96,0.83,0.83,0.83,0.66,0.66,3.47777700493844e-05,0.181818181818182
895cd41c845ad3ad9995047c02f50ac3,Archaea,Thermoplasmatota,Thermoplasmata,unclassified,unclassified,unclassified,unclassified,0.98,0.81,0.79,0.36,0.15,0.15,0.00046370360065846,0.545454545454545
829c30d56f6ff1155b84aa585ff6d0f8,Archaea,Thermoplasmatota,Thermoplasmata,unclassified,unclassified,unclassified,unclassified,0.98,0.83,0.67,0.32,0.32,0.32,0.000162296260230461,0.636363636363636
f140b93ddbd29e6c331be311c88f8519,Archaea,Crenarchaeota,Nitrososphaeria,Nitrososphaerales,Nitrososphaeraceae,unclassified,unclassified,1,1,1,1,1,0.99,0.000660777630938305,1
ea70f4036b09db7288e929e8b938e945,Archaea,Nanoarchaeota,Nanoarchaeia,Woesearchaeales,unclassified,unclassified,unclassified,0.94,0.85,0.85,0.85,0.8,0.8,4.6370360065846e-05,0.181818181818182
540a8482f86ffaca907c0b0a4e24eebb,Archaea,Thermoplasmatota,Thermoplasmata,unclassified,unclassified,unclassified,unclassified,1,0.78,0.61,0.12,0.12,0.11,4.63703600658459e-05,0.272727272727273
e9a45553d33a8b19ec6eaf32488426c9,Archaea,Crenarchaeota,Nitrososphaeria,Nitrososphaerales,Nitrososphaeraceae,unclassified,unclassified,1,1,1,1,1,0.89,9.27407201316917e-05,0.636363636363636
519b938f2b33c1e5f011a12a2419074f,Archaea,Crenarchaeota,Nitrososphaeria,Nitrososphaerales,Nitrososphaeraceae,unclassified,unclassified,1,1,1,1,1,0.63,0.000394148060559691,0.909090909090909
f5bf95453f067053403679c792c5bae6,Archaea,Crenarchaeota,Nitrososphaeria,Nitrososphaerales,Nitrososphaeraceae,unclassified,unclassified,1,1,1,1,1,0.71,0.00133314785189307,1
76f31879645a76f9db8ad3a0a9541d04,Archaea,Nanoarchaeota,Nanoarchaeia,Woesearchaeales,unclassified,unclassified,unclassified,1,0.93,0.93,0.93,0.58,0.58,1.15925900164615e-05,0.0909090909090909
5fa14015ff553528c0ce09de4f8a7db2,Archaea,Thermoplasmatota,Thermoplasmata,unclassified,unclassified,unclassified,unclassified,0.92,0.85,0.67,0.37,0.37,0.37,1.15925900164615e-05,0.0909090909090909
8a9a082c5a4d007f78166de80da95975,Archaea,Nanoarchaeota,Nanoarchaeia,Woesearchaeales,unclassified,unclassified,unclassified,0.97,0.92,0.92,0.92,0.77,0.77,0.000115925900164615,0.363636363636364
00edb9eba9c8c85cc38cf02811e0edef,Archaea,Thermoplasmatota,Thermoplasmata,Marine_Benthic_Group_D_and_DHVEG-1,unclassified,unclassified,unclassified,0.99,0.94,0.81,0.66,0.66,0.66,0.000115925900164615,0.454545454545455
817aaf91b23d761a5a37eb00cf2125bb,Archaea,Crenarchaeota,Nitrososphaeria,Group_1.1c,unclassified,unclassified,unclassified,1,1,1,1,1,1,0.00023185180032923,0.636363636363636
cab1bc955caff1034b633bf8ff6ab128,Archaea,Crenarchaeota,Nitrososphaeria,Nitrososphaerales,Nitrososphaeraceae,unclassified,unclassified,1,1,1,1,1,0.5,0.00213303656302891,0.909090909090909
c3a5e2566051d8a2932dae494cc47219,Archaea,Crenarchaeota,Nitrososphaeria,Nitrososphaerales,Nitrososphaeraceae,unclassified,unclassified,1,1,1,1,1,1,0.000231851800329229,0.818181818181818
4bb0db10d6dfd21b9bcdb347b42b5e17,Archaea,Thermoplasmatota,Thermoplasmata,unclassified,unclassified,unclassified,unclassified,0.93,0.77,0.65,0.31,0.19,0.19,0.000324592520460922,0.272727272727273
91813420cdd7a7d9ed1679ccfc2babe8,Archaea,Nanoarchaeota,Nanoarchaeia,Woesearchaeales,unclassified,unclassified,unclassified,1,0.88,0.88,0.88,0.88,0.88,0.000115925900164615,0.272727272727273
f42b8ae267e52895f042ab6ef756ac82,Archaea,Thermoplasmatota,unclassified,unclassified,unclassified,unclassified,unclassified,0.99,0.74,0.21,0.21,0.21,0.21,0.000197074030279845,0.454545454545455
d3f28a01c92ccca11a72f2b21c6279c8,Archaea,Nanoarchaeota,Nanoarchaeia,Woesearchaeales,unclassified,unclassified,unclassified,0.97,0.82,0.82,0.81,0.68,0.68,2.3185180032923e-05,0.0909090909090909
6b3a562844fc5f7c307c3b59f607bdac,Archaea,Thermoplasmatota,Thermoplasmata,unclassified,unclassified,unclassified,unclassified,0.99,0.97,0.84,0.64,0.64,0.64,5.79629500823074e-05,0.181818181818182
0165ded44fec94faadf0720f09d7c331,Archaea,Thermoplasmatota,unclassified,unclassified,unclassified,unclassified,unclassified,1,0.78,0.24,0.24,0.24,0.24,0.000266629570378614,0.363636363636364
903c7a47a02f2dfdab13c94cd79da873,Archaea,Thermoplasmatota,unclassified,unclassified,unclassified,unclassified,unclassified,0.96,0.78,0.46,0.46,0.46,0.46,0.00054485173077369,0.818181818181818
e37e9a3ab89128915b5b75a1e4732949,Archaea,Crenarchaeota,Nitrososphaeria,Nitrososphaerales,Nitrososphaeraceae,unclassified,unclassified,1,1,1,1,1,0.96,0.000533259140757228,0.727272727272727
9cbe3fd02e553add171cdd690b2eae7c,Archaea,Thermoplasmatota,unclassified,unclassified,unclassified,unclassified,unclassified,0.99,0.78,0.2,0.2,0.2,0.2,0.000568036910806612,1
4ff6dfc227e1fadf3a44d1ba3f31c6c0,Archaea,Nanoarchaeota,Nanoarchaeia,Woesearchaeales,unclassified,unclassified,unclassified,0.95,0.74,0.74,0.74,0.58,0.58,8.11481301152303e-05,0.181818181818182
69fdc728baba2b51d4b962a7641575fd,Archaea,Crenarchaeota,Nitrososphaeria,Nitrosotaleales,Nitrosotaleaceae,Candidatus_Nitrosotalea,unclassified,1,1,1,0.75,0.75,0.63,0.00293292527416475,0.272727272727273
7899017fc84a72afe6316e7de9bca7e8,Archaea,Crenarchaeota,Nitrososphaeria,Nitrososphaerales,Nitrososphaeraceae,unclassified,unclassified,1,1,1,1,1,0.8,0.000579629500823074,0.909090909090909
fe1afff4634b4de9b26380e9f3c93dfa,Archaea,Nanoarchaeota,Nanoarchaeia,Woesearchaeales,GW2011_GWC1_47_15,unclassified,unclassified,0.99,0.98,0.98,0.98,0.87,0.87,4.63703600658459e-05,0.181818181818182
821891c461dfcdb4ea2e51a9b16e59b6,Archaea,Crenarchaeota,Nitrososphaeria,Nitrososphaerales,Nitrososphaeraceae,Candidatus_Nitrososphaera,unclassified,1,1,1,1,1,0.85,2.31851800329229e-05,0.181818181818182
fa25e69d40b30c2c02580224421e5974,Archaea,Nanoarchaeota,Nanoarchaeia,Woesearchaeales,GW2011_GWC1_47_15,unclassified,unclassified,0.98,0.97,0.97,0.97,0.84,0.84,1.15925900164615e-05,0.0909090909090909
f5e0c96df901a03dd4d083c983219c82,Archaea,Crenarchaeota,Nitrososphaeria,Nitrososphaerales,Nitrososphaeraceae,Candidatus_Nitrososphaera,unclassified,1,1,1,1,1,0.78,0.000208666620296307,0.545454545454545
997daee4cc47a88bb4885e19f6236849,Archaea,Nanoarchaeota,Nanoarchaeia,Woesearchaeales,unclassified,unclassified,unclassified,0.96,0.84,0.84,0.83,0.7,0.7,4.6370360065846e-05,0.181818181818182
61bbd589696146657d369616e13f98ce,Archaea,Thermoplasmatota,Thermoplasmatota_cl,Thermoplasmatota_or,Thermoplasmatota_fa,unclassified,unclassified,0.97,0.85,0.59,0.59,0.59,0.59,3.47777700493844e-05,0.272727272727273
be3300f0c2433f9fb250833124ec2ad5,Archaea,Crenarchaeota,Nitrososphaeria,Nitrososphaerales,Nitrososphaeraceae,Candidatus_Nitrososphaera,unclassified,1,1,1,1,1,1,1.15925900164615e-05,0.0909090909090909
88fa18eeb8d0cc5a0aec2b3ddbf61b1f,Archaea,Nanoarchaeota,Nanoarchaeia,Woesearchaeales,unclassified,unclassified,unclassified,0.94,0.82,0.82,0.81,0.63,0.63,3.47777700493844e-05,0.272727272727273
31b4313a50621a06a35dfe0092e44926,Archaea,Thermoplasmatota,Thermoplasmata,Methanomassiliicoccales,unclassified,unclassified,unclassified,0.96,0.81,0.66,0.53,0.28,0.26,0.00103174051146507,0.909090909090909
1bb8fe9c8b0d47ebc961c7731bd5ee24,Archaea,Crenarchaeota,Nitrososphaeria,Nitrososphaerales,Nitrososphaeraceae,unclassified,unclassified,1,1,1,1,1,0.77,0.000208666620296307,0.636363636363636
3a38a30b5775ecd9486a6a28f89a8b61,Archaea,Crenarchaeota,Nitrososphaeria,unclassified,unclassified,unclassified,unclassified,1,1,1,0.48,0.48,0.48,0.000115925900164615,0.545454545454545
b9c094f228942c0d2231e6edb88c88d0,Archaea,Crenarchaeota,Nitrososphaeria,Nitrososphaerales,Nitrososphaeraceae,unclassified,unclassified,1,1,1,1,1,0.67,3.47777700493844e-05,0.272727272727273
a2a8f5925a8cf1f9438cbeec6150f076,Archaea,Nanoarchaeota,Nanoarchaeia,Woesearchaeales,unclassified,unclassified,unclassified,0.95,0.75,0.75,0.75,0.46,0.46,1.15925900164614e-05,0.0909090909090909
1575a7efbedc6d57b82497642820cc42,Archaea,Crenarchaeota,Nitrososphaeria,Nitrososphaerales,Nitrososphaeraceae,unclassified,unclassified,1,1,1,1,1,1,4.63703600658459e-05,0.272727272727273
7661521648b0cb69cfa1b8f27eae5892,Archaea,Nanoarchaeota,Nanoarchaeia,Woesearchaeales,unclassified,unclassified,unclassified,0.99,0.87,0.87,0.87,0.82,0.82,3.47777700493843e-05,0.272727272727273
650b443316bacdaa1451231f01779381,Archaea,Crenarchaeota,Nitrososphaeria,Nitrososphaerales,Nitrososphaeraceae,Candidatus_Nitrososphaera,unclassified,1,1,1,1,1,0.74,0.000127518490181076,0.363636363636364
a972bf057250673cb7fa7161bf9bdd86,Archaea,Thermoplasmatota,Thermoplasmata,unclassified,unclassified,unclassified,unclassified,0.89,0.78,0.69,0.46,0.28,0.24,8.11481301152303e-05,0.181818181818182
705ae2b0c2f287f6d1d590a71560368f,Archaea,Nanoarchaeota,Nanoarchaeia,Woesearchaeales,unclassified,unclassified,unclassified,0.95,0.72,0.72,0.72,0.51,0.51,0.000162296260230461,0.363636363636364
9fe31ed2788dd396fd648b9c4b0053fb,Archaea,Nanoarchaeota,Nanoarchaeia,Woesearchaeales,unclassified,unclassified,unclassified,1,0.97,0.97,0.97,0.77,0.77,6.95555400987689e-05,0.272727272727273
94c3112c1a8c28e49cd1685b9fa48971,Archaea,Nanoarchaeota,Nanoarchaeia,Woesearchaeales,unclassified,unclassified,unclassified,0.98,0.64,0.64,0.64,0.53,0.53,1.15925900164614e-05,0.0909090909090909
85f1b9eb707d818c4662943c75bf25b3,Archaea,Crenarchaeota,Nitrososphaeria,Nitrososphaerales,Nitrososphaeraceae,unclassified,unclassified,1,1,1,1,1,0.91,0.000173888850246922,0.727272727272727
d71acb9bbc5169183754f8e5e7888646,Archaea,unclassified,unclassified,unclassified,unclassified,unclassified,unclassified,0.91,0.45,0.45,0.45,0.45,0.45,0.000892629431267533,0.181818181818182
c01fd7985acf0a7a2dff561717ca688b,Archaea,Thermoplasmatota,Thermoplasmata,unclassified,unclassified,unclassified,unclassified,0.99,0.69,0.53,0.24,0.24,0.24,3.47777700493844e-05,0.0909090909090909
fa6895cfbd528f7c4a94dac39f86c27f,Archaea,Thermoplasmatota,Thermoplasmata,unclassified,unclassified,unclassified,unclassified,1,0.87,0.77,0.3,0.3,0.3,3.47777700493844e-05,0.181818181818182
5c7588c8f5ab38fa069de0f1992c742a,Archaea,Nanoarchaeota,Nanoarchaeia,Woesearchaeales,unclassified,unclassified,unclassified,0.99,0.94,0.94,0.93,0.73,0.73,5.79629500823074e-05,0.181818181818182
6d3977391685adf1e75fad557b6f53c1,Archaea,Nanoarchaeota,Nanoarchaeia,Woesearchaeales,unclassified,unclassified,unclassified,0.99,0.94,0.94,0.94,0.89,0.89,0.000150703670213999,0.272727272727273
a18e0750ad991253f0060e97cfdbe02c,Archaea,Nanoarchaeota,Nanoarchaeia,Woesearchaeales,GW2011_GWC1_47_15,unclassified,unclassified,0.99,0.94,0.94,0.94,0.81,0.81,1.15925900164615e-05,0.0909090909090909
b2889bbbc89b469609e15165c17b0af0,Archaea,Nanoarchaeota,Nanoarchaeia,Woesearchaeales,unclassified,unclassified,unclassified,1,0.99,0.99,0.99,0.62,0.62,1.15925900164615e-05,0.0909090909090909
0429ca57c0ecf654417a9565a8ca6cb8,Archaea,Nanoarchaeota,Nanoarchaeia,Woesearchaeales,unclassified,unclassified,unclassified,0.93,0.52,0.52,0.52,0.46,0.46,2.3185180032923e-05,0.0909090909090909
495b95d9bb51a87ad60ca3f1194fcf79,Archaea,Crenarchaeota,Nitrososphaeria,Group_1.1c,unclassified,unclassified,unclassified,1,1,1,0.53,0.53,0.53,0.000197074030279845,0.636363636363636
5011964cd46c1a745563b43af22171ff,Archaea,Nanoarchaeota,Nanoarchaeia,Woesearchaeales,GW2011_GWC1_47_15,unclassified,unclassified,0.99,0.99,0.99,0.99,0.98,0.98,1.15925900164615e-05,0.0909090909090909
73f908229937a8241230d41fed382e05,Archaea,Crenarchaeota,Nitrososphaeria,Nitrososphaerales,Nitrososphaeraceae,unclassified,unclassified,1,1,1,1,1,0.61,1.15925900164614e-05,0.0909090909090909
c1737869382b11b284e9beed50e1be6d,Archaea,Nanoarchaeota,Nanoarchaeia,Woesearchaeales,unclassified,unclassified,unclassified,0.96,0.84,0.84,0.84,0.73,0.73,2.3185180032923e-05,0.0909090909090909
2e30c5882d545743065fb548262a8692,Archaea,Nanoarchaeota,Nanoarchaeia,Woesearchaeales,unclassified,unclassified,unclassified,0.98,0.78,0.78,0.78,0.69,0.69,1.15925900164615e-05,0.0909090909090909
813deb0a7a81555746b2f079414c0a08,Archaea,Thermoplasmatota,Thermoplasmatota_cl,Thermoplasmatota_or,Thermoplasmatota_fa,unclassified,unclassified,0.98,0.92,0.56,0.56,0.56,0.56,1.15925900164615e-05,0.0909090909090909
25f1cc3d03a39eae020ed5a1c1fd3ade,Archaea,Euryarchaeota,Methanobacteria,Methanobacteriales,Methanobacteriaceae,Methanobrevibacter,unclassified,1,1,1,1,1,1,4.63703600658459e-05,0.272727272727273
953311b95639ab11a4f64c856bf98b29,Archaea,Crenarchaeota,Nitrososphaeria,Nitrosopumilales,Nitrosopumilaceae,Nitrosarchaeum,unclassified,1,1,1,1,1,1,0.00600496162852704,0.363636363636364
db5b46af5fe5d15d89dc5f52fceda1f4,Archaea,Thermoplasmatota,Thermoplasmata,unclassified,unclassified,unclassified,unclassified,0.92,0.8,0.64,0.44,0.28,0.25,0.000846259071201688,0.363636363636364
25dfd8f2c806c9572a5a970f1800cb05,Archaea,Nanoarchaeota,Nanoarchaeia,Woesearchaeales,unclassified,unclassified,unclassified,0.98,0.75,0.75,0.75,0.56,0.56,2.31851800329229e-05,0.181818181818182
4c6d31aeee51fed1a9f2684590367da7,Archaea,Nanoarchaeota,Nanoarchaeia,Woesearchaeales,unclassified,unclassified,unclassified,0.92,0.81,0.81,0.81,0.47,0.47,8.11481301152303e-05,0.454545454545455
d5ac5918f27d929819d1983629d199be,Archaea,Crenarchaeota,Nitrososphaeria,Nitrososphaerales,Nitrososphaeraceae,unclassified,unclassified,1,1,1,1,1,0.87,9.27407201316918e-05,0.272727272727273
db9b6fc13e0887a3e821c33718a62f5f,Archaea,Thermoplasmatota,unclassified,unclassified,unclassified,unclassified,unclassified,0.99,0.51,0.15,0.15,0.15,0.15,3.47777700493844e-05,0.181818181818182
b3b27c6df89a493b3dd428c2ff20d847,Archaea,Nanoarchaeota,Nanoarchaeia,Woesearchaeales,unclassified,unclassified,unclassified,0.98,0.91,0.91,0.91,0.58,0.58,0.000150703670213999,0.0909090909090909
8d88044aabdb963b7e0c507f2ef0b78c,Archaea,Nanoarchaeota,Nanoarchaeia,Woesearchaeales,unclassified,unclassified,unclassified,0.87,0.7,0.7,0.7,0.58,0.58,1.15925900164615e-05,0.0909090909090909
da3852280493a8ad9da60d160332d91c,Archaea,Crenarchaeota,Nitrososphaeria,Nitrososphaerales,Nitrososphaeraceae,unclassified,unclassified,1,1,1,1,1,1,1.15925900164615e-05,0.0909090909090909
8a2aeb16113d25c9f7b6e667be61904b,Archaea,Crenarchaeota,Nitrososphaeria,Nitrososphaerales,Nitrososphaeraceae,unclassified,unclassified,1,1,1,1,1,0.65,3.47777700493844e-05,0.181818181818182
1a21c0eeadc1bb9266ecc31cb7b3b99d,Archaea,Nanoarchaeota,Nanoarchaeia,Woesearchaeales,GW2011_GWC1_47_15,unclassified,unclassified,0.89,0.87,0.87,0.87,0.55,0.55,1.15925900164615e-05,0.0909090909090909
edf771ba00c615d48f7d6aa2bb3308f5,Archaea,Euryarchaeota,Methanobacteria,Methanobacteriales,Methanobacteriaceae,Methanobrevibacter,unclassified,1,1,1,1,1,0.99,1.15925900164615e-05,0.0909090909090909
6e4df27b43a519904d1a955344a8a6c2,Archaea,Thermoplasmatota,Thermoplasmata,unclassified,unclassified,unclassified,unclassified,0.99,0.97,0.9,0.72,0.72,0.72,4.63703600658459e-05,0.0909090909090909
66889b2c6766d42b8881289df47a53f4,Archaea,Thermoplasmatota,Thermoplasmata,unclassified,unclassified,unclassified,unclassified,1,0.66,0.54,0.08,0.08,0.08,6.95555400987689e-05,0.363636363636364
37a7c712de4b3726642460aad61638f3,Archaea,Nanoarchaeota,Nanoarchaeia,Woesearchaeales,unclassified,unclassified,unclassified,0.97,0.96,0.96,0.96,0.77,0.77,4.63703600658459e-05,0.272727272727273
c3fa8f49d49f424dd1a19e2cfe2338bb,Archaea,Nanoarchaeota,Nanoarchaeia,Woesearchaeales,unclassified,unclassified,unclassified,0.88,0.68,0.68,0.68,0.29,0.19,1.15925900164615e-05,0.0909090909090909
f200e01d7f3427e2bafaf380ce9a8106,Archaea,Thermoplasmatota,Thermoplasmata,unclassified,unclassified,unclassified,unclassified,0.91,0.66,0.59,0.27,0.15,0.15,4.63703600658459e-05,0.0909090909090909
6c22104c27c6977a9975d536e2b76a37,Archaea,Nanoarchaeota,Nanoarchaeia,Woesearchaeales,GW2011_GWC1_47_15,unclassified,unclassified,1,1,1,1,0.65,0.65,2.31851800329229e-05,0.181818181818182
eb452bfd371f80395dbf82d27a59e3d0,Archaea,Nanoarchaeota,Nanoarchaeia,Woesearchaeales,unclassified,unclassified,unclassified,0.98,0.96,0.96,0.96,0.91,0.91,1.15925900164615e-05,0.0909090909090909
b4839bacf9f0f7b6594084eb16719d89,Archaea,Nanoarchaeota,Nanoarchaeia,Woesearchaeales,unclassified,unclassified,unclassified,1,0.99,0.99,0.99,0.92,0.92,1.15925900164615e-05,0.0909090909090909
31430206310b6d35575fcceaf8be91fc,Archaea,Nanoarchaeota,Nanoarchaeia,Woesearchaeales,unclassified,unclassified,unclassified,0.98,0.96,0.96,0.96,0.78,0.78,1.15925900164615e-05,0.0909090909090909
32693808306708a257d8ab78886acb74,Archaea,Nanoarchaeota,Nanoarchaeia,Woesearchaeales,GW2011_GWC1_47_15,unclassified,unclassified,1,1,1,1,0.78,0.78,2.3185180032923e-05,0.0909090909090909
5cdd203dc9e3fa2902b0e52ea8fb3741,Archaea,Nanoarchaeota,Nanoarchaeia,Woesearchaeales,unclassified,unclassified,unclassified,0.96,0.88,0.88,0.88,0.71,0.71,1.15925900164615e-05,0.0909090909090909
75b94325d8b188369246a6feaa5df1dc,Archaea,Nanoarchaeota,Nanoarchaeia,Woesearchaeales,unclassified,unclassified,unclassified,0.93,0.71,0.71,0.71,0.65,0.65,5.79629500823074e-05,0.0909090909090909
120147457b5be22bc3e787d1d3fc245e,Archaea,Nanoarchaeota,Nanoarchaeia,Woesearchaeales,unclassified,unclassified,unclassified,1,1,1,1,0.99,0.99,2.31851800329229e-05,0.181818181818182
ca752d61632a5bf2e3a6cce20ada33bb,Archaea,Crenarchaeota,Nitrososphaeria,Group_1.1c,unclassified,unclassified,unclassified,1,1,1,0.7,0.7,0.7,2.3185180032923e-05,0.0909090909090909
befea3e60feef26d06b9a51daffb13bc,Archaea,Nanoarchaeota,Nanoarchaeia,Woesearchaeales,GW2011_GWC1_47_15,unclassified,unclassified,0.99,0.99,0.99,0.99,0.96,0.96,1.15925900164615e-05,0.0909090909090909
b5fb363d8923cfcbe1174110b892825c,Archaea,Nanoarchaeota,Nanoarchaeia,Woesearchaeales,unclassified,unclassified,unclassified,0.98,0.92,0.92,0.92,0.89,0.89,1.15925900164615e-05,0.0909090909090909
2cf35696506ffeef611b33de5c698f85,Archaea,Nanoarchaeota,Nanoarchaeia,Woesearchaeales,unclassified,unclassified,unclassified,0.98,0.87,0.87,0.87,0.8,0.8,1.15925900164615e-05,0.0909090909090909
f64bd537254db55c8c541c74f2f98ebe,Archaea,Nanoarchaeota,Nanoarchaeia,Woesearchaeales,unclassified,unclassified,unclassified,0.97,0.88,0.88,0.88,0.82,0.82,0.000127518490181076,0.0909090909090909
2520c72abe4905d30984d27e2242ca86,Archaea,Thermoplasmatota,unclassified,unclassified,unclassified,unclassified,unclassified,1,0.84,0.38,0.38,0.38,0.38,0.000208666620296307,0.363636363636364
777251d3e78405e40de8dd3bc5a7582b,Archaea,Crenarchaeota,Bathyarchaeia,unclassified,unclassified,unclassified,unclassified,1,1,1,1,1,1,1.15925900164614e-05,0.0909090909090909
773944aa8a5c7cce3b2a83a4c4a6cf53,Archaea,Nanoarchaeota,Nanoarchaeia,Woesearchaeales,unclassified,unclassified,unclassified,0.93,0.71,0.71,0.71,0.43,0.43,1.15925900164615e-05,0.0909090909090909
6b842a45f99363c00c2726280724274d,Archaea,Thermoplasmatota,Thermoplasmata,Methanomassiliicoccales,Methanomethylophilaceae,unclassified,unclassified,1,1,1,1,1,0.86,0.000150703670214,0.181818181818182
329c9ec0c06636821a9555457c674dcb,Archaea,Nanoarchaeota,Nanoarchaeia,Woesearchaeales,unclassified,unclassified,unclassified,0.96,0.78,0.78,0.78,0.72,0.72,2.3185180032923e-05,0.0909090909090909
1171e6169d6a0e5b051b0555feecdb40,Archaea,Nanoarchaeota,Nanoarchaeia,Woesearchaeales,unclassified,unclassified,unclassified,0.95,0.88,0.88,0.87,0.8,0.8,3.47777700493844e-05,0.0909090909090909
cd9e8140ca267e4d5f021c06c976e8e5,Archaea,Nanoarchaeota,Nanoarchaeia,Woesearchaeales,GW2011_GWC1_47_15,unclassified,unclassified,0.98,0.95,0.95,0.95,0.84,0.84,1.15925900164615e-05,0.0909090909090909
51af06a440585f51648b87694a995c24,Archaea,Thermoplasmatota,Thermoplasmata,unclassified,unclassified,unclassified,unclassified,0.93,0.78,0.58,0.5,0.5,0.5,2.3185180032923e-05,0.0909090909090909
5bbe8d2d2eab721b2f0dad7b467f1152,Archaea,Nanoarchaeota,Nanoarchaeia,Woesearchaeales,unclassified,unclassified,unclassified,0.95,0.57,0.57,0.57,0.51,0.51,2.3185180032923e-05,0.0909090909090909
187991ac795bd2edbacbdb52e8bffb4b,Archaea,Crenarchaeota,Nitrososphaeria,Nitrosopumilales,Nitrosopumilaceae,Candidatus_Nitrosotenuis,unclassified,1,1,1,1,1,1,0.000382555470543229,0.272727272727273
46bb27d3d5d637dbc923dbf94c6c248e,Archaea,Nanoarchaeota,Nanoarchaeia,Woesearchaeales,unclassified,unclassified,unclassified,0.95,0.79,0.79,0.79,0.43,0.43,1.15925900164614e-05,0.0909090909090909
103cfded5a96dbe9f04e4bf12adfcd1b,Archaea,Crenarchaeota,Nitrososphaeria,Group_1.1c,unclassified,unclassified,unclassified,1,1,1,0.84,0.84,0.84,5.79629500823074e-05,0.363636363636364
a5472d9dede7179a8b8100c9a09d0283,Archaea,Nanoarchaeota,Nanoarchaeia,Woesearchaeales,unclassified,unclassified,unclassified,1,0.95,0.95,0.95,0.41,0.41,2.31851800329229e-05,0.181818181818182
0d64403bf6ebbca7e5c15e079c005183,Archaea,Thermoplasmatota,Thermoplasmata,unclassified,unclassified,unclassified,unclassified,0.99,0.74,0.58,0.4,0.4,0.4,2.31851800329229e-05,0.181818181818182
6966ad15d158ee27a63798311789664e,Archaea,Nanoarchaeota,Nanoarchaeia,Woesearchaeales,GW2011_GWC1_47_15,unclassified,unclassified,1,1,1,1,0.97,0.97,1.15925900164614e-05,0.0909090909090909
771a0102cc28bfc33ce15451a4136875,Archaea,Nanoarchaeota,Nanoarchaeia,Woesearchaeales,unclassified,unclassified,unclassified,0.97,0.89,0.89,0.89,0.81,0.81,2.3185180032923e-05,0.0909090909090909
2ac87edadbb15419ccd0e0052a89e3a2,Archaea,Nanoarchaeota,Nanoarchaeia,Woesearchaeales,GW2011_GWC1_47_15,unclassified,unclassified,0.96,0.95,0.95,0.95,0.68,0.68,1.15925900164615e-05,0.0909090909090909
f79dbf832920e7c55a27f2740b4491b5,Archaea,unclassified,unclassified,unclassified,unclassified,unclassified,unclassified,0.87,0.32,0.32,0.32,0.32,0.32,1.15925900164615e-05,0.0909090909090909
af02d3f57a7cbacd7fd5b5d997b7279c,Archaea,Nanoarchaeota,Nanoarchaeia,Woesearchaeales,unclassified,unclassified,unclassified,1,1,1,1,1,1,1.15925900164615e-05,0.0909090909090909
a5f0f34ef6891bf494a536d269c31527,Archaea,Thermoplasmatota,Thermoplasmata,unclassified,unclassified,unclassified,unclassified,0.94,0.64,0.54,0.1,0.1,0.1,2.31851800329229e-05,0.181818181818182
57e672a189d0bd0e4d84cb40bc6392dc,Archaea,Nanoarchaeota,Nanoarchaeia,Woesearchaeales,GW2011_GWC1_47_15,unclassified,unclassified,0.98,0.98,0.98,0.98,0.79,0.79,1.15925900164615e-05,0.0909090909090909
856b767ecd4e73b36928d8653c24bb28,Archaea,Nanoarchaeota,Nanoarchaeia,Woesearchaeales,GW2011_GWC1_47_15,unclassified,unclassified,1,1,1,1,0.91,0.91,1.15925900164615e-05,0.0909090909090909
f105d4ebb36f3cf113a06925570be683,Archaea,Nanoarchaeota,Nanoarchaeia,Woesearchaeales,unclassified,unclassified,unclassified,0.98,0.96,0.96,0.96,0.8,0.8,1.15925900164615e-05,0.0909090909090909
49aefd14b965666db5ed782009cf10cb,Archaea,Nanoarchaeota,Nanoarchaeia,Woesearchaeales,unclassified,unclassified,unclassified,0.94,0.92,0.92,0.92,0.89,0.89,1.15925900164615e-05,0.0909090909090909
8f22e52d46a3d56a7f6c33a49b724e27,Archaea,unclassified,unclassified,unclassified,unclassified,unclassified,unclassified,0.93,0.45,0.45,0.45,0.4,0.4,1.15925900164615e-05,0.0909090909090909
f228a04e72917b3c6320ab8aa855410a,Archaea,Nanoarchaeota,Nanoarchaeia,Woesearchaeales,GW2011_GWC1_47_15,unclassified,unclassified,0.99,0.99,0.99,0.99,0.77,0.77,2.3185180032923e-05,0.0909090909090909
0d666890ac3c369f084f0c7ce3ce5b7a,Archaea,Nanoarchaeota,Nanoarchaeia,Woesearchaeales,unclassified,unclassified,unclassified,1,0.99,0.99,0.99,0.71,0.71,1.15925900164615e-05,0.0909090909090909
a00c3a3d5f45fe8b7c36d5de71f13002,Archaea,unclassified,unclassified,unclassified,unclassified,unclassified,unclassified,0.99,0.38,0.35,0.35,0.18,0.18,2.3185180032923e-05,0.0909090909090909
1819f67590b27809d1ae2feb619ed41e,Archaea,Thermoplasmatota,unclassified,unclassified,unclassified,unclassified,unclassified,0.99,0.85,0.48,0.36,0.36,0.36,2.31851800329229e-05,0.181818181818182
3b01720a00eafe5d85f1bdf0875cda15,Archaea,Nanoarchaeota,Nanoarchaeia,Woesearchaeales,unclassified,unclassified,unclassified,0.72,0.69,0.69,0.69,0.43,0.43,1.15925900164615e-05,0.0909090909090909
99ed7c185c959f0de276a8f1d8cbc89a,Archaea,Euryarchaeota,Methanobacteria,Methanobacteriales,Methanobacteriaceae,Methanobrevibacter,unclassified,1,1,1,1,1,0.92,0.000289814750411537,0.181818181818182
8ae70abc6f64a7d56c994811a28531ad,Archaea,Crenarchaeota,Nitrososphaeria,Nitrosotaleales,Nitrosotaleaceae,Candidatus_Nitrosotalea,unclassified,1,1,0.99,0.75,0.75,0.68,0.000336185110477383,0.181818181818182
981fd366187d96ed44d0a77cea34898f,Archaea,Nanoarchaeota,Nanoarchaeia,Woesearchaeales,GW2011_GWC1_47_15,unclassified,unclassified,0.96,0.95,0.95,0.95,0.71,0.71,2.3185180032923e-05,0.0909090909090909
f8ef0faa95cdec62c249528d9ea49bd8,Archaea,Crenarchaeota,Nitrososphaeria,Nitrosotaleales,Nitrosotaleaceae,Candidatus_Nitrosotalea,unclassified,1,1,1,1,1,0.92,6.95555400987688e-05,0.181818181818182
4b102e6f50741a1ea9e3294b77a0009c,Archaea,Nanoarchaeota,Nanoarchaeia,Woesearchaeales,GW2011_GWC1_47_15,unclassified,unclassified,0.9,0.87,0.87,0.87,0.66,0.66,2.31851800329229e-05,0.181818181818182
65c949701788dc63ba41bc5019abda9b,Archaea,Nanoarchaeota,Nanoarchaeia,Woesearchaeales,unclassified,unclassified,unclassified,0.98,0.97,0.97,0.97,0.92,0.92,2.31851800329229e-05,0.181818181818182
36323b03d8b6aec986eeaa5271a76783,Archaea,Thermoplasmatota,Thermoplasmata,unclassified,unclassified,unclassified,unclassified,0.97,0.82,0.7,0.35,0.34,0.34,2.3185180032923e-05,0.0909090909090909
10bb938cc79fcbb77c53d702b3c8fa00,Archaea,Nanoarchaeota,Nanoarchaeia,Woesearchaeales,GW2011_GWC1_47_15,unclassified,unclassified,0.99,0.99,0.99,0.99,0.94,0.94,3.47777700493844e-05,0.181818181818182
15471d06d04e3e292c98cbc1e2018615,Archaea,Nanoarchaeota,Nanoarchaeia,Woesearchaeales,GW2011_GWC1_47_15,unclassified,unclassified,0.99,0.99,0.99,0.99,0.69,0.69,1.15925900164615e-05,0.0909090909090909
6be81b9ae36d955895bf77a40b387c83,Archaea,Nanoarchaeota,Nanoarchaeia,Woesearchaeales,GW2011_GWC1_47_15,unclassified,unclassified,0.98,0.95,0.95,0.95,0.65,0.65,1.15925900164615e-05,0.0909090909090909
1263350cbb033a0db039ef5e456b2f89,Archaea,Euryarchaeota,Methanobacteria,Methanobacteriales,Methanobacteriaceae,Methanobrevibacter,unclassified,1,1,1,1,1,1,0.00226055505320999,0.181818181818182
dfbab38f818a47111c845d1843519100,Archaea,Nanoarchaeota,Nanoarchaeia,Woesearchaeales,unclassified,unclassified,unclassified,0.94,0.89,0.89,0.89,0.84,0.84,1.15925900164615e-05,0.0909090909090909
458541d3fc13b3d5cf7690eb3ece7907,Archaea,Crenarchaeota,unclassified,unclassified,unclassified,unclassified,unclassified,0.87,0.57,0.4,0.07,0.07,0.07,2.31851800329229e-05,0.181818181818182
7dd2b545d7482fb19e2d331449066b02,Archaea,Nanoarchaeota,Nanoarchaeia,Woesearchaeales,unclassified,unclassified,unclassified,0.9,0.81,0.81,0.81,0.46,0.46,1.15925900164615e-05,0.0909090909090909
447b023314e406b3a8aafa055023f095,Archaea,Nanoarchaeota,Nanoarchaeia,Woesearchaeales,unclassified,unclassified,unclassified,0.98,0.9,0.9,0.9,0.81,0.81,3.47777700493845e-05,0.0909090909090909
4799500e0cdeca6a4733904b1dfacb2c,Archaea,Thermoplasmatota,Thermoplasmata,unclassified,unclassified,unclassified,unclassified,0.96,0.66,0.59,0.35,0.35,0.35,0.00023185180032923,0.181818181818182
99d2ddb56130237c51838745a67b0bef,Archaea,Nanoarchaeota,Nanoarchaeia,Woesearchaeales,unclassified,unclassified,unclassified,1,1,1,1,0.97,0.97,4.6370360065846e-05,0.181818181818182
b6335406aef21863d85617019e423e36,Archaea,Nanoarchaeota,Nanoarchaeia,Woesearchaeales,unclassified,unclassified,unclassified,0.93,0.85,0.85,0.85,0.73,0.73,4.63703600658459e-05,0.181818181818182
386581d9696d86248c5e9165ddbc2be1,Archaea,Nanoarchaeota,Nanoarchaeia,Woesearchaeales,unclassified,unclassified,unclassified,0.76,0.69,0.69,0.69,0.47,0.47,4.63703600658459e-05,0.0909090909090909
2031eeef5f4f633e8d3de6792e0f5167,Archaea,Nanoarchaeota,Nanoarchaeia,Woesearchaeales,unclassified,unclassified,unclassified,0.89,0.86,0.86,0.86,0.46,0.46,1.15925900164615e-05,0.0909090909090909
e60d7aff1333220ed117c75ad7a71eb7,Archaea,Nanoarchaeota,Nanoarchaeia,Woesearchaeales,GW2011_GWC1_47_15,unclassified,unclassified,1,1,1,1,0.92,0.92,1.15925900164615e-05,0.0909090909090909
471829d525d07cef886a399e5814f952,Archaea,Micrarchaeota,Micrarchaeia,Micrarchaeales,CG1-02-32-21,unclassified,unclassified,0.92,0.87,0.87,0.87,0.87,0.87,1.15925900164614e-05,0.0909090909090909
edc9df47d7ef976c6b4034880eaaaa40,Archaea,Nanoarchaeota,Nanoarchaeia,Woesearchaeales,GW2011_GWC1_47_15,unclassified,unclassified,0.97,0.92,0.92,0.92,0.84,0.84,3.47777700493844e-05,0.0909090909090909
279ee3c403c738f136bf562791be589a,Archaea,Crenarchaeota,Nitrososphaeria,Nitrososphaerales,Nitrososphaeraceae,unclassified,unclassified,0.99,0.99,0.99,0.93,0.93,0.83,1.15925900164615e-05,0.0909090909090909
ab76c8e9c6ea2492f8f3b0715b2bc204,Archaea,Nanoarchaeota,Nanoarchaeia,Woesearchaeales,GW2011_GWC1_47_15,unclassified,unclassified,0.97,0.97,0.97,0.97,0.68,0.68,0.000127518490181076,0.0909090909090909
bfe46108b7aecd3d3b914a75340aa7c9,Archaea,Nanoarchaeota,Nanoarchaeia,Woesearchaeales,unclassified,unclassified,unclassified,1,0.97,0.97,0.97,0.87,0.87,1.15925900164615e-05,0.0909090909090909
2adcc9c8b43612a7f8931332fb9dc51a,Archaea,Crenarchaeota,Nitrososphaeria,Nitrososphaerales,Nitrososphaeraceae,Candidatus_Nitrososphaera,unclassified,1,1,1,1,1,0.94,1.15925900164615e-05,0.0909090909090909
8b59314f593f410bdde704a6f6d24967,Archaea,Nanoarchaeota,Nanoarchaeia,Woesearchaeales,GW2011_GWC1_47_15,unclassified,unclassified,1,0.99,0.99,0.99,0.83,0.83,1.15925900164615e-05,0.0909090909090909
