,Taxo_all,Confidence,Group,Domain,Phylum,Class,Order,Family,Genus,Species,OTU,trophic_groups
1,Nematoda;Chromadorea;Chromadorea_X;;,1,Eukaryota,Opisthokonta,Metazoa,Nematoda,Chromadorea,Chromadorea_X,,,Otu2316,N
2,Nematoda;Chromadorea;Chromadorea_X;;,1,Eukaryota,Opisthokonta,Metazoa,Nematoda,Chromadorea,Chromadorea_X,,,Otu201,N
3,Nematoda;Chromadorea;Chromadorea_X;;,0.999999984,Eukaryota,Opisthokonta,Metazoa,Nematoda,Chromadorea,Chromadorea_X,,,Otu4040,N
4,Nematoda;Chromadorea;Chromadorea_X;;,0.998069233,Eukaryota,Opisthokonta,Metazoa,Nematoda,Chromadorea,Chromadorea_X,,,Otu1764,N
5,Nematoda;Chromadorea;Chromadorea_X;;,1,Eukaryota,Opisthokonta,Metazoa,Nematoda,Chromadorea,Chromadorea_X,,,Otu9526,N
6,Nematoda;Chromadorea;Chromadorea_X;;,0.999999994,Eukaryota,Opisthokonta,Metazoa,Nematoda,Chromadorea,Chromadorea_X,,,Otu7348,N
7,Nematoda;Chromadorea;Chromadorea_X;;,0.997659344,Eukaryota,Opisthokonta,Metazoa,Nematoda,Chromadorea,Chromadorea_X,,,Otu2177,N
8,Nematoda;Chromadorea;Chromadorea_X;;,0.998714976,Eukaryota,Opisthokonta,Metazoa,Nematoda,Chromadorea,Chromadorea_X,,,Otu7688,N
9,Nematoda;Chromadorea;Chromadorea_X;;,1,Eukaryota,Opisthokonta,Metazoa,Nematoda,Chromadorea,Chromadorea_X,,,Otu1432,N
10,Nematoda;Chromadorea;Chromadorea_X;;,0.99513067,Eukaryota,Opisthokonta,Metazoa,Nematoda,Chromadorea,Chromadorea_X,,,Otu3127,N
11,Nematoda;Chromadorea;Chromadorea_X;;,0.98221822,Eukaryota,Opisthokonta,Metazoa,Nematoda,Chromadorea,Chromadorea_X,,,Otu1691,N
12,Nematoda;Chromadorea;Chromadorea_X;;,0.947693504,Eukaryota,Opisthokonta,Metazoa,Nematoda,Chromadorea,Chromadorea_X,,,Otu13245,N
13,Nematoda;Chromadorea;Chromadorea_X;;,1,Eukaryota,Opisthokonta,Metazoa,Nematoda,Chromadorea,Chromadorea_X,,,Otu953,N
14,Nematoda;Chromadorea;Chromadorea_X;;,0.999978531,Eukaryota,Opisthokonta,Metazoa,Nematoda,Chromadorea,Chromadorea_X,,,Otu641,N
15,Nematoda;Chromadorea;Chromadorea_X;;,1,Eukaryota,Opisthokonta,Metazoa,Nematoda,Chromadorea,Chromadorea_X,,,Otu5743,N
16,Nematoda;Chromadorea;Chromadorea_X;;,0.949130942,Eukaryota,Opisthokonta,Metazoa,Nematoda,Chromadorea,Chromadorea_X,,,Otu3996,N
17,Nematoda;Chromadorea;Chromadorea_X;;,1,Eukaryota,Opisthokonta,Metazoa,Nematoda,Chromadorea,Chromadorea_X,,,Otu2523,N
18,Nematoda;Chromadorea;Chromadorea_X;;,0.999999988,Eukaryota,Opisthokonta,Metazoa,Nematoda,Chromadorea,Chromadorea_X,,,Otu6191,N
19,Nematoda;Chromadorea;Chromadorea_X;;,0.999999998,Eukaryota,Opisthokonta,Metazoa,Nematoda,Chromadorea,Chromadorea_X,,,Otu4756,N
20,Nematoda;Chromadorea;Chromadorea_X;;,0.999999987,Eukaryota,Opisthokonta,Metazoa,Nematoda,Chromadorea,Chromadorea_X,,,Otu2484,N
21,Nematoda;Chromadorea;Chromadorea_X;;,1,Eukaryota,Opisthokonta,Metazoa,Nematoda,Chromadorea,Chromadorea_X,,,Otu6962,N
22,Nematoda;Chromadorea;Chromadorea_X;;,0.999999998,Eukaryota,Opisthokonta,Metazoa,Nematoda,Chromadorea,Chromadorea_X,,,Otu3302,N
23,Nematoda;Chromadorea;Chromadorea_X;;,1,Eukaryota,Opisthokonta,Metazoa,Nematoda,Chromadorea,Chromadorea_X,,,Otu8487,N
24,Nematoda;Chromadorea;Chromadorea_X;;,0.999476265,Eukaryota,Opisthokonta,Metazoa,Nematoda,Chromadorea,Chromadorea_X,,,Otu5760,N
25,Nematoda;Chromadorea;Chromadorea_X;;,0.999651486,Eukaryota,Opisthokonta,Metazoa,Nematoda,Chromadorea,Chromadorea_X,,,Otu1297,N
26,Nematoda;Chromadorea;Chromadorea_X;;,1,Eukaryota,Opisthokonta,Metazoa,Nematoda,Chromadorea,Chromadorea_X,,,Otu3398,N
27,Nematoda;Chromadorea;Chromadorea_X;;,1,Eukaryota,Opisthokonta,Metazoa,Nematoda,Chromadorea,Chromadorea_X,,,Otu200,N
28,Nematoda;Chromadorea;Chromadorea_X;;,0.999999656,Eukaryota,Opisthokonta,Metazoa,Nematoda,Chromadorea,Chromadorea_X,,,Otu7362,N
29,Nematoda;Chromadorea;Chromadorea_X;;,1,Eukaryota,Opisthokonta,Metazoa,Nematoda,Chromadorea,Chromadorea_X,,,Otu7445,N
30,Nematoda;Chromadorea;Chromadorea_X;;,0.999999999,Eukaryota,Opisthokonta,Metazoa,Nematoda,Chromadorea,Chromadorea_X,,,Otu6044,N
31,Nematoda;Chromadorea;Chromadorea_X;;,1,Eukaryota,Opisthokonta,Metazoa,Nematoda,Chromadorea,Chromadorea_X,,,Otu2409,N
32,Nematoda;Chromadorea;Chromadorea_X;;,1,Eukaryota,Opisthokonta,Metazoa,Nematoda,Chromadorea,Chromadorea_X,,,Otu42,N
33,Nematoda;Chromadorea;Chromadorea_X;;,0.999999999,Eukaryota,Opisthokonta,Metazoa,Nematoda,Chromadorea,Chromadorea_X,,,Otu1065,N
34,Nematoda;Chromadorea;Chromadorea_X;;,1,Eukaryota,Opisthokonta,Metazoa,Nematoda,Chromadorea,Chromadorea_X,,,Otu14747,N
35,Nematoda;Chromadorea;Chromadorea_X;;,1,Eukaryota,Opisthokonta,Metazoa,Nematoda,Chromadorea,Chromadorea_X,,,Otu3744,N
36,Nematoda;Chromadorea;Chromadorea_X;;,0.999999999,Eukaryota,Opisthokonta,Metazoa,Nematoda,Chromadorea,Chromadorea_X,,,Otu6493,N
37,Nematoda;Chromadorea;Chromadorea_X;;,0.989378349,Eukaryota,Opisthokonta,Metazoa,Nematoda,Chromadorea,Chromadorea_X,,,Otu14412,N
38,Nematoda;Chromadorea;Chromadorea_X;;,1,Eukaryota,Opisthokonta,Metazoa,Nematoda,Chromadorea,Chromadorea_X,,,Otu6860,N
39,Nematoda;Chromadorea;Chromadorea_X;;,0.99999995,Eukaryota,Opisthokonta,Metazoa,Nematoda,Chromadorea,Chromadorea_X,,,Otu4728,N
40,Nematoda;Chromadorea;Chromadorea_X;;,0.999989497,Eukaryota,Opisthokonta,Metazoa,Nematoda,Chromadorea,Chromadorea_X,,,Otu4165,N
41,Nematoda;Chromadorea;Chromadorea_X;;,0.999999996,Eukaryota,Opisthokonta,Metazoa,Nematoda,Chromadorea,Chromadorea_X,,,Otu10808,N
42,Nematoda;Chromadorea;Chromadorea_X;;,0.991971302,Eukaryota,Opisthokonta,Metazoa,Nematoda,Chromadorea,Chromadorea_X,,,Otu11889,N
43,Nematoda;Chromadorea;Chromadorea_X;;,1,Eukaryota,Opisthokonta,Metazoa,Nematoda,Chromadorea,Chromadorea_X,,,Otu6323,N
44,Nematoda;Chromadorea;Chromadorea_X;;,0.97134034,Eukaryota,Opisthokonta,Metazoa,Nematoda,Chromadorea,Chromadorea_X,,,Otu6986,N
45,Nematoda;Chromadorea;Chromadorea_X;;,0.876330512,Eukaryota,Opisthokonta,Metazoa,Nematoda,Chromadorea,Chromadorea_X,,,Otu2274,N
46,Nematoda;Chromadorea;Chromadorea_X;;,1,Eukaryota,Opisthokonta,Metazoa,Nematoda,Chromadorea,Chromadorea_X,,,Otu12528,N
47,Nematoda;Chromadorea;Chromadorea_X;;,1,Eukaryota,Opisthokonta,Metazoa,Nematoda,Chromadorea,Chromadorea_X,,,Otu5441,N
48,Nematoda;Chromadorea;Chromadorea_X;;,0.828306862,Eukaryota,Opisthokonta,Metazoa,Nematoda,Chromadorea,Chromadorea_X,,,Otu1402,N
49,Nematoda;Chromadorea;Chromadorea_X;;,0.999999574,Eukaryota,Opisthokonta,Metazoa,Nematoda,Chromadorea,Chromadorea_X,,,Otu1283,N
50,Nematoda;Chromadorea;Chromadorea_X;;,0.999999698,Eukaryota,Opisthokonta,Metazoa,Nematoda,Chromadorea,Chromadorea_X,,,Otu493,N
51,Nematoda;Chromadorea;Chromadorea_X;;,1,Eukaryota,Opisthokonta,Metazoa,Nematoda,Chromadorea,Chromadorea_X,,,Otu109,N
52,Nematoda;Chromadorea;Chromadorea_X;;,1,Eukaryota,Opisthokonta,Metazoa,Nematoda,Chromadorea,Chromadorea_X,,,Otu2211,N
53,Nematoda;Chromadorea;Chromadorea_X;;,0.999999987,Eukaryota,Opisthokonta,Metazoa,Nematoda,Chromadorea,Chromadorea_X,,,Otu4034,N
54,Nematoda;Chromadorea;Chromadorea_X;;,0.999999339,Eukaryota,Opisthokonta,Metazoa,Nematoda,Chromadorea,Chromadorea_X,,,Otu5289,N
55,Nematoda;Chromadorea;Chromadorea_X;;,1,Eukaryota,Opisthokonta,Metazoa,Nematoda,Chromadorea,Chromadorea_X,,,Otu5288,N
56,Nematoda;Chromadorea;Chromadorea_X;;,0.927587386,Eukaryota,Opisthokonta,Metazoa,Nematoda,Chromadorea,Chromadorea_X,,,Otu5998,N
57,Nematoda;Chromadorea;Chromadorea_X;;,0.995033455,Eukaryota,Opisthokonta,Metazoa,Nematoda,Chromadorea,Chromadorea_X,,,Otu3617,N
58,Nematoda;Chromadorea;Chromadorea_X;;,0.864399359,Eukaryota,Opisthokonta,Metazoa,Nematoda,Chromadorea,Chromadorea_X,,,Otu12551,N
59,Nematoda;Chromadorea;Chromadorea_X;;,1,Eukaryota,Opisthokonta,Metazoa,Nematoda,Chromadorea,Chromadorea_X,,,Otu92,N
60,Nematoda;Chromadorea;Chromadorea_X;;,1,Eukaryota,Opisthokonta,Metazoa,Nematoda,Chromadorea,Chromadorea_X,,,Otu6550,N
61,Nematoda;Chromadorea;Chromadorea_X;;,0.864813561,Eukaryota,Opisthokonta,Metazoa,Nematoda,Chromadorea,Chromadorea_X,,,Otu4269,N
62,Nematoda;Chromadorea;Chromadorea_X;;,1,Eukaryota,Opisthokonta,Metazoa,Nematoda,Chromadorea,Chromadorea_X,,,Otu316,N
63,Nematoda;Chromadorea;Chromadorea_X;;,0.957842408,Eukaryota,Opisthokonta,Metazoa,Nematoda,Chromadorea,Chromadorea_X,,,Otu9937,N
64,Nematoda;Chromadorea;Chromadorea_X;;,1,Eukaryota,Opisthokonta,Metazoa,Nematoda,Chromadorea,Chromadorea_X,,,Otu2378,N
65,Nematoda;Chromadorea;Chromadorea_X;;,0.919345571,Eukaryota,Opisthokonta,Metazoa,Nematoda,Chromadorea,Chromadorea_X,,,Otu3116,N
66,Nematoda;Chromadorea;Chromadorea_X;;,0.94065449,Eukaryota,Opisthokonta,Metazoa,Nematoda,Chromadorea,Chromadorea_X,,,Otu10907,N
67,Nematoda;Chromadorea;Chromadorea_X;;,0.99998345,Eukaryota,Opisthokonta,Metazoa,Nematoda,Chromadorea,Chromadorea_X,,,Otu9520,N
68,Nematoda;Chromadorea;Chromadorea_X;;,1,Eukaryota,Opisthokonta,Metazoa,Nematoda,Chromadorea,Chromadorea_X,,,Otu3381,N
69,Nematoda;Chromadorea;Chromadorea_X;;,0.999999829,Eukaryota,Opisthokonta,Metazoa,Nematoda,Chromadorea,Chromadorea_X,,,Otu14062,N
70,Nematoda;Chromadorea;Chromadorea_X;;,0.921213384,Eukaryota,Opisthokonta,Metazoa,Nematoda,Chromadorea,Chromadorea_X,,,Otu10988,N
71,Nematoda;Chromadorea;Chromadorea_X;;,0.996047761,Eukaryota,Opisthokonta,Metazoa,Nematoda,Chromadorea,Chromadorea_X,,,Otu1304,N
72,Nematoda;Chromadorea;Chromadorea_X;;,0.965338001,Eukaryota,Opisthokonta,Metazoa,Nematoda,Chromadorea,Chromadorea_X,,,Otu5871,N
73,Nematoda;Chromadorea;Chromadorea_X;;,1,Eukaryota,Opisthokonta,Metazoa,Nematoda,Chromadorea,Chromadorea_X,,,Otu710,N
74,Nematoda;Chromadorea;Chromadorea_X;;,1,Eukaryota,Opisthokonta,Metazoa,Nematoda,Chromadorea,Chromadorea_X,,,Otu253,N
75,Nematoda;Chromadorea;Chromadorea_X;;,1,Eukaryota,Opisthokonta,Metazoa,Nematoda,Chromadorea,Chromadorea_X,,,Otu7322,N
76,Nematoda;Chromadorea;Chromadorea_X;;,0.999993132,Eukaryota,Opisthokonta,Metazoa,Nematoda,Chromadorea,Chromadorea_X,,,Otu10855,N
77,Nematoda;Chromadorea;Chromadorea_X;;,0.82649024,Eukaryota,Opisthokonta,Metazoa,Nematoda,Chromadorea,Chromadorea_X,,,Otu2806,N
78,Nematoda;Chromadorea;Chromadorea_X;;,1,Eukaryota,Opisthokonta,Metazoa,Nematoda,Chromadorea,Chromadorea_X,,,Otu1928,N
79,Nematoda;Chromadorea;Chromadorea_X;;,0.786431574,Eukaryota,Opisthokonta,Metazoa,Nematoda,Chromadorea,Chromadorea_X,,,Otu3458,N
80,Nematoda;Chromadorea;Chromadorea_X;;,0.99580915,Eukaryota,Opisthokonta,Metazoa,Nematoda,Chromadorea,Chromadorea_X,,,Otu1057,N
81,Nematoda;Chromadorea;Chromadorea_X;;,0.942565667,Eukaryota,Opisthokonta,Metazoa,Nematoda,Chromadorea,Chromadorea_X,,,Otu1705,N
82,Nematoda;Chromadorea;Chromadorea_X;;,1,Eukaryota,Opisthokonta,Metazoa,Nematoda,Chromadorea,Chromadorea_X,,,Otu7801,N
83,Nematoda;Chromadorea;Chromadorea_X;;,0.967593402,Eukaryota,Opisthokonta,Metazoa,Nematoda,Chromadorea,Chromadorea_X,,,Otu6201,N
84,Nematoda;Chromadorea;Chromadorea_X;;,1,Eukaryota,Opisthokonta,Metazoa,Nematoda,Chromadorea,Chromadorea_X,,,Otu5755,N
85,Nematoda;Chromadorea;Chromadorea_X;;,0.998083831,Eukaryota,Opisthokonta,Metazoa,Nematoda,Chromadorea,Chromadorea_X,,,Otu4418,N
86,Nematoda;Chromadorea;Chromadorea_X;;,0.999996253,Eukaryota,Opisthokonta,Metazoa,Nematoda,Chromadorea,Chromadorea_X,,,Otu8282,N
87,Nematoda;Chromadorea;Chromadorea_X;;,1,Eukaryota,Opisthokonta,Metazoa,Nematoda,Chromadorea,Chromadorea_X,,,Otu1329,N
88,Nematoda;Chromadorea;Chromadorea_X;;,1,Eukaryota,Opisthokonta,Metazoa,Nematoda,Chromadorea,Chromadorea_X,,,Otu6443,N
89,Nematoda;Chromadorea;Chromadorea_X;;,1,Eukaryota,Opisthokonta,Metazoa,Nematoda,Chromadorea,Chromadorea_X,,,Otu6408,N
90,Nematoda;Chromadorea;Chromadorea_X;;,0.999999715,Eukaryota,Opisthokonta,Metazoa,Nematoda,Chromadorea,Chromadorea_X,,,Otu4011,N
91,Nematoda;Chromadorea;Chromadorea_X;;,1,Eukaryota,Opisthokonta,Metazoa,Nematoda,Chromadorea,Chromadorea_X,,,Otu3033,N
92,Nematoda;Chromadorea;Chromadorea_X;;,0.959737725,Eukaryota,Opisthokonta,Metazoa,Nematoda,Chromadorea,Chromadorea_X,,,Otu4935,N
93,Nematoda;Chromadorea;Chromadorea_X;;,1,Eukaryota,Opisthokonta,Metazoa,Nematoda,Chromadorea,Chromadorea_X,,,Otu948,N
94,Nematoda;Chromadorea;Chromadorea_X;;,0.999999999,Eukaryota,Opisthokonta,Metazoa,Nematoda,Chromadorea,Chromadorea_X,,,Otu15332,N
95,Nematoda;Chromadorea;Chromadorea_X;;,0.998885648,Eukaryota,Opisthokonta,Metazoa,Nematoda,Chromadorea,Chromadorea_X,,,Otu5275,N
96,Nematoda;Chromadorea;Chromadorea_X;;,0.999757831,Eukaryota,Opisthokonta,Metazoa,Nematoda,Chromadorea,Chromadorea_X,,,Otu2703,N
97,Nematoda;Chromadorea;Chromadorea_X;;,0.999999984,Eukaryota,Opisthokonta,Metazoa,Nematoda,Chromadorea,Chromadorea_X,,,Otu11828,N
98,Nematoda;Chromadorea;Chromadorea_X;;,1,Eukaryota,Opisthokonta,Metazoa,Nematoda,Chromadorea,Chromadorea_X,,,Otu232,N
99,Nematoda;Chromadorea;Chromadorea_X;;,0.818373503,Eukaryota,Opisthokonta,Metazoa,Nematoda,Chromadorea,Chromadorea_X,,,Otu3724,N
100,Nematoda;Chromadorea;Chromadorea_X;;,0.99707075,Eukaryota,Opisthokonta,Metazoa,Nematoda,Chromadorea,Chromadorea_X,,,Otu5845,N
101,Nematoda;Chromadorea;Chromadorea_X;;,0.980033358,Eukaryota,Opisthokonta,Metazoa,Nematoda,Chromadorea,Chromadorea_X,,,Otu4695,N
102,Nematoda;Chromadorea;Chromadorea_X;;,0.994585531,Eukaryota,Opisthokonta,Metazoa,Nematoda,Chromadorea,Chromadorea_X,,,Otu8314,N
103,Nematoda;Chromadorea;Chromadorea_X;;,0.999999996,Eukaryota,Opisthokonta,Metazoa,Nematoda,Chromadorea,Chromadorea_X,,,Otu8452,N
104,Nematoda;Chromadorea;Chromadorea_X;;,0.953082559,Eukaryota,Opisthokonta,Metazoa,Nematoda,Chromadorea,Chromadorea_X,,,Otu12755,N
105,Nematoda;Chromadorea;Chromadorea_X;;,0.99515879,Eukaryota,Opisthokonta,Metazoa,Nematoda,Chromadorea,Chromadorea_X,,,Otu6884,N
106,Nematoda;Chromadorea;Chromadorea_X;;,0.999995124,Eukaryota,Opisthokonta,Metazoa,Nematoda,Chromadorea,Chromadorea_X,,,Otu5503,N
107,Nematoda;Chromadorea;Chromadorea_X;;,1,Eukaryota,Opisthokonta,Metazoa,Nematoda,Chromadorea,Chromadorea_X,,,Otu10747,N
108,Nematoda;Chromadorea;Chromadorea_X;;,1,Eukaryota,Opisthokonta,Metazoa,Nematoda,Chromadorea,Chromadorea_X,,,Otu3841,N
109,Nematoda;Chromadorea;Chromadorea_X;;,0.79909888,Eukaryota,Opisthokonta,Metazoa,Nematoda,Chromadorea,Chromadorea_X,,,Otu4018,N
110,Nematoda;Chromadorea;Chromadorea_X;;,0.999999991,Eukaryota,Opisthokonta,Metazoa,Nematoda,Chromadorea,Chromadorea_X,,,Otu5504,N
111,Nematoda;Chromadorea;Chromadorea_X;Achromadora;Achromadora_cf,0.999803622,Eukaryota,Opisthokonta,Metazoa,Nematoda,Chromadorea,Chromadorea_X,Achromadora,Achromadora_cf,Otu7892,N
112,Nematoda;Chromadorea;Chromadorea_X;Achromadora;Achromadora_sp.,0.820961135,Eukaryota,Opisthokonta,Metazoa,Nematoda,Chromadorea,Chromadorea_X,Achromadora,Achromadora_sp.,Otu175,o
113,Nematoda;Chromadorea;Chromadorea_X;Achromadora;Achromadora_sp.,0.852351635,Eukaryota,Opisthokonta,Metazoa,Nematoda,Chromadorea,Chromadorea_X,Achromadora,Achromadora_sp.,Otu13824,o
114,Nematoda;Chromadorea;Chromadorea_X;Achromadora;Achromadora_sp.,0.808148575,Eukaryota,Opisthokonta,Metazoa,Nematoda,Chromadorea,Chromadorea_X,Achromadora,Achromadora_sp.,Otu3352,o
115,Nematoda;Chromadorea;Chromadorea_X;Acrobeloides;,0.785215743,Eukaryota,Opisthokonta,Metazoa,Nematoda,Chromadorea,Chromadorea_X,Acrobeloides,,Otu12405,b
116,Nematoda;Chromadorea;Chromadorea_X;Acrobeloides;,0.832459539,Eukaryota,Opisthokonta,Metazoa,Nematoda,Chromadorea,Chromadorea_X,Acrobeloides,,Otu5032,b
117,Nematoda;Chromadorea;Chromadorea_X;Acrobeloides;,0.772909703,Eukaryota,Opisthokonta,Metazoa,Nematoda,Chromadorea,Chromadorea_X,Acrobeloides,,Otu24,b
118,Nematoda;Chromadorea;Chromadorea_X;Acrobeloides;,0.755440712,Eukaryota,Opisthokonta,Metazoa,Nematoda,Chromadorea,Chromadorea_X,Acrobeloides,,Otu3599,b
119,Nematoda;Chromadorea;Chromadorea_X;Acrobeloides;,0.88093877,Eukaryota,Opisthokonta,Metazoa,Nematoda,Chromadorea,Chromadorea_X,Acrobeloides,,Otu3009,b
120,Nematoda;Chromadorea;Chromadorea_X;Acrostichus;Acrostichus_sp.,0.989160096,Eukaryota,Opisthokonta,Metazoa,Nematoda,Chromadorea,Chromadorea_X,Acrostichus,Acrostichus_sp.,Otu7129,N
121,Nematoda;Chromadorea;Chromadorea_X;Aglenchus;Aglenchus_agricola,0.999866272,Eukaryota,Opisthokonta,Metazoa,Nematoda,Chromadorea,Chromadorea_X,Aglenchus,Aglenchus_agricola,Otu14469,h
122,Nematoda;Chromadorea;Chromadorea_X;Aphelenchoides;,0.847622379,Eukaryota,Opisthokonta,Metazoa,Nematoda,Chromadorea,Chromadorea_X,Aphelenchoides,,Otu1298,f
123,Nematoda;Chromadorea;Chromadorea_X;Aphelenchoides;,0.990283206,Eukaryota,Opisthokonta,Metazoa,Nematoda,Chromadorea,Chromadorea_X,Aphelenchoides,,Otu976,f
124,Nematoda;Chromadorea;Chromadorea_X;Aphelenchoides;,0.825338287,Eukaryota,Opisthokonta,Metazoa,Nematoda,Chromadorea,Chromadorea_X,Aphelenchoides,,Otu144,f
125,Nematoda;Chromadorea;Chromadorea_X;Aphelenchoides;,0.848948784,Eukaryota,Opisthokonta,Metazoa,Nematoda,Chromadorea,Chromadorea_X,Aphelenchoides,,Otu11136,f
126,Nematoda;Chromadorea;Chromadorea_X;Aphelenchoides;,0.941364788,Eukaryota,Opisthokonta,Metazoa,Nematoda,Chromadorea,Chromadorea_X,Aphelenchoides,,Otu502,f
127,Nematoda;Chromadorea;Chromadorea_X;Aphelenchoides;Aphelenchoides_besseyi,0.900980314,Eukaryota,Opisthokonta,Metazoa,Nematoda,Chromadorea,Chromadorea_X,Aphelenchoides,Aphelenchoides_besseyi,Otu1141,f
128,Nematoda;Chromadorea;Chromadorea_X;Aphelenchoides;Aphelenchoides_bicaudatus,1,Eukaryota,Opisthokonta,Metazoa,Nematoda,Chromadorea,Chromadorea_X,Aphelenchoides,Aphelenchoides_bicaudatus,Otu451,f
129,Nematoda;Chromadorea;Chromadorea_X;Aphelenchoides;Aphelenchoides_bicaudatus,0.999999793,Eukaryota,Opisthokonta,Metazoa,Nematoda,Chromadorea,Chromadorea_X,Aphelenchoides,Aphelenchoides_bicaudatus,Otu2478,f
130,Nematoda;Chromadorea;Chromadorea_X;Aphelenchoides;Aphelenchoides_fujianensis,0.956592415,Eukaryota,Opisthokonta,Metazoa,Nematoda,Chromadorea,Chromadorea_X,Aphelenchoides,Aphelenchoides_fujianensis,Otu5575,f
131,Nematoda;Chromadorea;Chromadorea_X;Aphelenchoides;Aphelenchoides_fujianensis,0.842361435,Eukaryota,Opisthokonta,Metazoa,Nematoda,Chromadorea,Chromadorea_X,Aphelenchoides,Aphelenchoides_fujianensis,Otu507,f
132,Nematoda;Chromadorea;Chromadorea_X;Aphelenchoides;Aphelenchoides_fujianensis,0.826324461,Eukaryota,Opisthokonta,Metazoa,Nematoda,Chromadorea,Chromadorea_X,Aphelenchoides,Aphelenchoides_fujianensis,Otu3958,f
133,Nematoda;Chromadorea;Chromadorea_X;Aphelenchoides;Aphelenchoides_paradalianensis,0.999529193,Eukaryota,Opisthokonta,Metazoa,Nematoda,Chromadorea,Chromadorea_X,Aphelenchoides,Aphelenchoides_paradalianensis,Otu5633,f
134,Nematoda;Chromadorea;Chromadorea_X;Aphelenchoides;Aphelenchoides_sp.,0.837489329,Eukaryota,Opisthokonta,Metazoa,Nematoda,Chromadorea,Chromadorea_X,Aphelenchoides,Aphelenchoides_sp.,Otu1665,f
135,Nematoda;Chromadorea;Chromadorea_X;Aphelenchoides;Aphelenchoides_subtenuis,0.99999617,Eukaryota,Opisthokonta,Metazoa,Nematoda,Chromadorea,Chromadorea_X,Aphelenchoides,Aphelenchoides_subtenuis,Otu3651,f
136,Nematoda;Chromadorea;Chromadorea_X;Aphelenchus;,0.899321309,Eukaryota,Opisthokonta,Metazoa,Nematoda,Chromadorea,Chromadorea_X,Aphelenchus,,Otu608,f
137,Nematoda;Chromadorea;Chromadorea_X;Aphelenchus;Aphelenchus_avenae,0.995878061,Eukaryota,Opisthokonta,Metazoa,Nematoda,Chromadorea,Chromadorea_X,Aphelenchus,Aphelenchus_avenae,Otu274,f
138,Nematoda;Chromadorea;Chromadorea_X;Aulolaimus;Aulolaimus_oxycephalus,0.999389856,Eukaryota,Opisthokonta,Metazoa,Nematoda,Chromadorea,Chromadorea_X,Aulolaimus,Aulolaimus_oxycephalus,Otu14701,N
139,Nematoda;Chromadorea;Chromadorea_X;Basiria;Basiria_sp.,0.996293607,Eukaryota,Opisthokonta,Metazoa,Nematoda,Chromadorea,Chromadorea_X,Basiria,Basiria_sp.,Otu1020,h
140,Nematoda;Chromadorea;Chromadorea_X;Bunonema;Bunonema_franzi,0.727242453,Eukaryota,Opisthokonta,Metazoa,Nematoda,Chromadorea,Chromadorea_X,Bunonema,Bunonema_franzi,Otu11836,b
141,Nematoda;Chromadorea;Chromadorea_X;Bunonema;Bunonema_franzi,0.728089785,Eukaryota,Opisthokonta,Metazoa,Nematoda,Chromadorea,Chromadorea_X,Bunonema,Bunonema_franzi,Otu470,b
142,Nematoda;Chromadorea;Chromadorea_X;Bunonema;Bunonema_richtersi,0.982372289,Eukaryota,Opisthokonta,Metazoa,Nematoda,Chromadorea,Chromadorea_X,Bunonema,Bunonema_richtersi,Otu932,b
143,Nematoda;Chromadorea;Chromadorea_X;Bunonema;Bunonema_sp.,0.999999983,Eukaryota,Opisthokonta,Metazoa,Nematoda,Chromadorea,Chromadorea_X,Bunonema,Bunonema_sp.,Otu7583,N
144,Nematoda;Chromadorea;Chromadorea_X;Caenorhabditis;Caenorhabditis_brenneri,0.99998852,Eukaryota,Opisthokonta,Metazoa,Nematoda,Chromadorea,Chromadorea_X,Caenorhabditis,Caenorhabditis_brenneri,Otu5772,b
145,Nematoda;Chromadorea;Chromadorea_X;Cephaloboides;Cephaloboides_nidrosiensis,0.976195237,Eukaryota,Opisthokonta,Metazoa,Nematoda,Chromadorea,Chromadorea_X,Cephaloboides,Cephaloboides_nidrosiensis,Otu57,b
146,Nematoda;Chromadorea;Chromadorea_X;Cephalobus;Cephalobus_cubaensis,0.918554489,Eukaryota,Opisthokonta,Metazoa,Nematoda,Chromadorea,Chromadorea_X,Cephalobus,Cephalobus_cubaensis,Otu2158,b
147,Nematoda;Chromadorea;Chromadorea_X;Cephalobus;Cephalobus_cubaensis,0.999999732,Eukaryota,Opisthokonta,Metazoa,Nematoda,Chromadorea,Chromadorea_X,Cephalobus,Cephalobus_cubaensis,Otu263,b
148,Nematoda;Chromadorea;Chromadorea_X;Cephalobus;Cephalobus_cubaensis,0.873488559,Eukaryota,Opisthokonta,Metazoa,Nematoda,Chromadorea,Chromadorea_X,Cephalobus,Cephalobus_cubaensis,Otu1680,b
149,Nematoda;Chromadorea;Chromadorea_X;Ceratoplectus;Ceratoplectus_armatus,0.776557053,Eukaryota,Opisthokonta,Metazoa,Nematoda,Chromadorea,Chromadorea_X,Ceratoplectus,Ceratoplectus_armatus,Otu31,b
150,Nematoda;Chromadorea;Chromadorea_X;Ceratoplectus;Ceratoplectus_armatus,0.733676965,Eukaryota,Opisthokonta,Metazoa,Nematoda,Chromadorea,Chromadorea_X,Ceratoplectus,Ceratoplectus_armatus,Otu7923,b
151,Nematoda;Chromadorea;Chromadorea_X;Cervidellus;Cervidellus_sp.,0.772076418,Eukaryota,Opisthokonta,Metazoa,Nematoda,Chromadorea,Chromadorea_X,Cervidellus,Cervidellus_sp.,Otu2036,b
152,Nematoda;Chromadorea;Chromadorea_X;Chiloplacus;Chiloplacus_sp.,0.878404087,Eukaryota,Opisthokonta,Metazoa,Nematoda,Chromadorea,Chromadorea_X,Chiloplacus,Chiloplacus_sp.,Otu12775,b
153,Nematoda;Chromadorea;Chromadorea_X;Chromadorea_XX;Chromadorea_XX_sp.,0.987652856,Eukaryota,Opisthokonta,Metazoa,Nematoda,Chromadorea,Chromadorea_X,Chromadorea_XX,Chromadorea_XX_sp.,Otu2129,b
154,Nematoda;Chromadorea;Chromadorea_X;Coslenchus;,0.991924942,Eukaryota,Opisthokonta,Metazoa,Nematoda,Chromadorea,Chromadorea_X,Coslenchus,,Otu37,h
155,Nematoda;Chromadorea;Chromadorea_X;Cruznema;Cruznema_sp.,1,Eukaryota,Opisthokonta,Metazoa,Nematoda,Chromadorea,Chromadorea_X,Cruznema,Cruznema_sp.,Otu127,b
156,Nematoda;Chromadorea;Chromadorea_X;Cylindrolaimus;Cylindrolaimus_communis,0.860315233,Eukaryota,Opisthokonta,Metazoa,Nematoda,Chromadorea,Chromadorea_X,Cylindrolaimus,Cylindrolaimus_communis,Otu1382,b
157,Nematoda;Chromadorea;Chromadorea_X;Cylindrolaimus;Cylindrolaimus_communis,0.999969653,Eukaryota,Opisthokonta,Metazoa,Nematoda,Chromadorea,Chromadorea_X,Cylindrolaimus,Cylindrolaimus_communis,Otu727,b
158,Nematoda;Chromadorea;Chromadorea_X;Diploscapter;Diploscapter_sp.,0.78551612,Eukaryota,Opisthokonta,Metazoa,Nematoda,Chromadorea,Chromadorea_X,Diploscapter,Diploscapter_sp.,Otu264,b
159,Nematoda;Chromadorea;Chromadorea_X;Distolabrellus;Distolabrellus_veechi,0.995521028,Eukaryota,Opisthokonta,Metazoa,Nematoda,Chromadorea,Chromadorea_X,Distolabrellus,Distolabrellus_veechi,Otu3566,b
160,Nematoda;Chromadorea;Chromadorea_X;Ditylenchus;,0.769627932,Eukaryota,Opisthokonta,Metazoa,Nematoda,Chromadorea,Chromadorea_X,Ditylenchus,,Otu9927,N
161,Nematoda;Chromadorea;Chromadorea_X;Ditylenchus;Ditylenchus_adasi,0.994463621,Eukaryota,Opisthokonta,Metazoa,Nematoda,Chromadorea,Chromadorea_X,Ditylenchus,Ditylenchus_adasi,Otu6516,f
162,Nematoda;Chromadorea;Chromadorea_X;Ditylenchus;Ditylenchus_destructor,0.990685304,Eukaryota,Opisthokonta,Metazoa,Nematoda,Chromadorea,Chromadorea_X,Ditylenchus,Ditylenchus_destructor,Otu13401,f
163,Nematoda;Chromadorea;Chromadorea_X;Ditylenchus;Ditylenchus_destructor,0.904442823,Eukaryota,Opisthokonta,Metazoa,Nematoda,Chromadorea,Chromadorea_X,Ditylenchus,Ditylenchus_destructor,Otu931,f
164,Nematoda;Chromadorea;Chromadorea_X;Ditylenchus;Ditylenchus_sp.,0.999638696,Eukaryota,Opisthokonta,Metazoa,Nematoda,Chromadorea,Chromadorea_X,Ditylenchus,Ditylenchus_sp.,Otu5247,f
165,Nematoda;Chromadorea;Chromadorea_X;Ditylenchus;Ditylenchus_sp.,0.998749103,Eukaryota,Opisthokonta,Metazoa,Nematoda,Chromadorea,Chromadorea_X,Ditylenchus,Ditylenchus_sp.,Otu625,f
166,Nematoda;Chromadorea;Chromadorea_X;Ditylenchus;Ditylenchus_sp.,0.764851152,Eukaryota,Opisthokonta,Metazoa,Nematoda,Chromadorea,Chromadorea_X,Ditylenchus,Ditylenchus_sp.,Otu2287,f
167,Nematoda;Chromadorea;Chromadorea_X;Ditylenchus;Ditylenchus_sp.,0.999998508,Eukaryota,Opisthokonta,Metazoa,Nematoda,Chromadorea,Chromadorea_X,Ditylenchus,Ditylenchus_sp.,Otu9376,f
168,Nematoda;Chromadorea;Chromadorea_X;Ditylenchus;Ditylenchus_sp.,0.999892035,Eukaryota,Opisthokonta,Metazoa,Nematoda,Chromadorea,Chromadorea_X,Ditylenchus,Ditylenchus_sp.,Otu1871,f
169,Nematoda;Chromadorea;Chromadorea_X;Ditylenchus;Ditylenchus_sp.,0.999287392,Eukaryota,Opisthokonta,Metazoa,Nematoda,Chromadorea,Chromadorea_X,Ditylenchus,Ditylenchus_sp.,Otu5114,f
170,Nematoda;Chromadorea;Chromadorea_X;Ditylenchus;Ditylenchus_sp.,0.999985811,Eukaryota,Opisthokonta,Metazoa,Nematoda,Chromadorea,Chromadorea_X,Ditylenchus,Ditylenchus_sp.,Otu762,f
171,Nematoda;Chromadorea;Chromadorea_X;Ditylenchus;Ditylenchus_sp.,0.997973677,Eukaryota,Opisthokonta,Metazoa,Nematoda,Chromadorea,Chromadorea_X,Ditylenchus,Ditylenchus_sp.,Otu4659,f
172,Nematoda;Chromadorea;Chromadorea_X;Ditylenchus;Ditylenchus_sp.,0.879678916,Eukaryota,Opisthokonta,Metazoa,Nematoda,Chromadorea,Chromadorea_X,Ditylenchus,Ditylenchus_sp.,Otu374,f
173,Nematoda;Chromadorea;Chromadorea_X;Ditylenchus;Ditylenchus_sp.,0.704664083,Eukaryota,Opisthokonta,Metazoa,Nematoda,Chromadorea,Chromadorea_X,Ditylenchus,Ditylenchus_sp.,Otu982,f
174,Nematoda;Chromadorea;Chromadorea_X;Drilocephalobus;Drilocephalobus_sp.,0.731013225,Eukaryota,Opisthokonta,Metazoa,Nematoda,Chromadorea,Chromadorea_X,Drilocephalobus,Drilocephalobus_sp.,Otu12650,b
175,Nematoda;Chromadorea;Chromadorea_X;Drilocephalobus;Drilocephalobus_sp.,0.996746603,Eukaryota,Opisthokonta,Metazoa,Nematoda,Chromadorea,Chromadorea_X,Drilocephalobus,Drilocephalobus_sp.,Otu1825,b
176,Nematoda;Chromadorea;Chromadorea_X;Drilocephalobus;Drilocephalobus_sp.,0.999348142,Eukaryota,Opisthokonta,Metazoa,Nematoda,Chromadorea,Chromadorea_X,Drilocephalobus,Drilocephalobus_sp.,Otu5557,b
177,Nematoda;Chromadorea;Chromadorea_X;Drilocephalobus;Drilocephalobus_sp.,0.945870652,Eukaryota,Opisthokonta,Metazoa,Nematoda,Chromadorea,Chromadorea_X,Drilocephalobus,Drilocephalobus_sp.,Otu9262,b
178,Nematoda;Chromadorea;Chromadorea_X;Ecphyadophora;,0.82116306,Eukaryota,Opisthokonta,Metazoa,Nematoda,Chromadorea,Chromadorea_X,Ecphyadophora,,Otu3733,h
179,Nematoda;Chromadorea;Chromadorea_X;Ecphyadophora;,0.840526441,Eukaryota,Opisthokonta,Metazoa,Nematoda,Chromadorea,Chromadorea_X,Ecphyadophora,,Otu6278,h
180,Nematoda;Chromadorea;Chromadorea_X;Ecphyadophora;,0.769739902,Eukaryota,Opisthokonta,Metazoa,Nematoda,Chromadorea,Chromadorea_X,Ecphyadophora,,Otu5522,h
181,Nematoda;Chromadorea;Chromadorea_X;Ecphyadophora;Ecphyadophora_tenuissima,0.980624853,Eukaryota,Opisthokonta,Metazoa,Nematoda,Chromadorea,Chromadorea_X,Ecphyadophora,Ecphyadophora_tenuissima,Otu15418,N
182,Nematoda;Chromadorea;Chromadorea_X;Eucephalobus;Eucephalobus_oxyuroides,0.999306943,Eukaryota,Opisthokonta,Metazoa,Nematoda,Chromadorea,Chromadorea_X,Eucephalobus,Eucephalobus_oxyuroides,Otu331,b
183,Nematoda;Chromadorea;Chromadorea_X;Eucephalobus;Eucephalobus_oxyuroides,0.99999662,Eukaryota,Opisthokonta,Metazoa,Nematoda,Chromadorea,Chromadorea_X,Eucephalobus,Eucephalobus_oxyuroides,Otu2205,b
184,Nematoda;Chromadorea;Chromadorea_X;Eumonhystera;Eumonhystera_filiformis,0.995938743,Eukaryota,Opisthokonta,Metazoa,Nematoda,Chromadorea,Chromadorea_X,Eumonhystera,Eumonhystera_filiformis,Otu6464,b
185,Nematoda;Chromadorea;Chromadorea_X;Eumonhystera;Eumonhystera_filiformis,0.992091553,Eukaryota,Opisthokonta,Metazoa,Nematoda,Chromadorea,Chromadorea_X,Eumonhystera,Eumonhystera_filiformis,Otu6678,b
186,Nematoda;Chromadorea;Chromadorea_X;Eumonhystera;Eumonhystera_filiformis,0.990247739,Eukaryota,Opisthokonta,Metazoa,Nematoda,Chromadorea,Chromadorea_X,Eumonhystera,Eumonhystera_filiformis,Otu2096,b
187,Nematoda;Chromadorea;Chromadorea_X;Eumonhystera;Eumonhystera_filiformis,0.994699879,Eukaryota,Opisthokonta,Metazoa,Nematoda,Chromadorea,Chromadorea_X,Eumonhystera,Eumonhystera_filiformis,Otu3403,b
188,Nematoda;Chromadorea;Chromadorea_X;Eumonhystera;Eumonhystera_filiformis,0.993637093,Eukaryota,Opisthokonta,Metazoa,Nematoda,Chromadorea,Chromadorea_X,Eumonhystera,Eumonhystera_filiformis,Otu5611,b
189,Nematoda;Chromadorea;Chromadorea_X;Eumonhystera;Eumonhystera_filiformis,0.999298556,Eukaryota,Opisthokonta,Metazoa,Nematoda,Chromadorea,Chromadorea_X,Eumonhystera,Eumonhystera_filiformis,Otu6837,b
190,Nematoda;Chromadorea;Chromadorea_X;Eumonhystera;Eumonhystera_filiformis,0.95278739,Eukaryota,Opisthokonta,Metazoa,Nematoda,Chromadorea,Chromadorea_X,Eumonhystera,Eumonhystera_filiformis,Otu12464,b
191,Nematoda;Chromadorea;Chromadorea_X;Eumonhystera;Eumonhystera_filiformis,0.99715257,Eukaryota,Opisthokonta,Metazoa,Nematoda,Chromadorea,Chromadorea_X,Eumonhystera,Eumonhystera_filiformis,Otu558,b
192,Nematoda;Chromadorea;Chromadorea_X;Eumonhystera;Eumonhystera_filiformis,0.996674403,Eukaryota,Opisthokonta,Metazoa,Nematoda,Chromadorea,Chromadorea_X,Eumonhystera,Eumonhystera_filiformis,Otu4063,b
193,Nematoda;Chromadorea;Chromadorea_X;Eumonhystera;Eumonhystera_filiformis,0.918135316,Eukaryota,Opisthokonta,Metazoa,Nematoda,Chromadorea,Chromadorea_X,Eumonhystera,Eumonhystera_filiformis,Otu4943,b
194,Nematoda;Chromadorea;Chromadorea_X;Eumonhystera;Eumonhystera_filiformis,0.865772961,Eukaryota,Opisthokonta,Metazoa,Nematoda,Chromadorea,Chromadorea_X,Eumonhystera,Eumonhystera_filiformis,Otu7297,b
195,Nematoda;Chromadorea;Chromadorea_X;Eumonhystera;Eumonhystera_filiformis,0.981067694,Eukaryota,Opisthokonta,Metazoa,Nematoda,Chromadorea,Chromadorea_X,Eumonhystera,Eumonhystera_filiformis,Otu1540,b
196,Nematoda;Chromadorea;Chromadorea_X;Eumonhystera;Eumonhystera_filiformis,0.98595654,Eukaryota,Opisthokonta,Metazoa,Nematoda,Chromadorea,Chromadorea_X,Eumonhystera,Eumonhystera_filiformis,Otu12216,b
197,Nematoda;Chromadorea;Chromadorea_X;Eumonhystera;Eumonhystera_filiformis,0.762907589,Eukaryota,Opisthokonta,Metazoa,Nematoda,Chromadorea,Chromadorea_X,Eumonhystera,Eumonhystera_filiformis,Otu2085,b
198,Nematoda;Chromadorea;Chromadorea_X;Eumonhystera;Eumonhystera_filiformis,0.976041909,Eukaryota,Opisthokonta,Metazoa,Nematoda,Chromadorea,Chromadorea_X,Eumonhystera,Eumonhystera_filiformis,Otu1266,b
199,Nematoda;Chromadorea;Chromadorea_X;Eumonhystera;Eumonhystera_filiformis,0.989567653,Eukaryota,Opisthokonta,Metazoa,Nematoda,Chromadorea,Chromadorea_X,Eumonhystera,Eumonhystera_filiformis,Otu117,b
200,Nematoda;Chromadorea;Chromadorea_X;Eumonhystera;Eumonhystera_filiformis,0.992884492,Eukaryota,Opisthokonta,Metazoa,Nematoda,Chromadorea,Chromadorea_X,Eumonhystera,Eumonhystera_filiformis,Otu11375,b
201,Nematoda;Chromadorea;Chromadorea_X;Eumonhystera;Eumonhystera_filiformis,0.996238317,Eukaryota,Opisthokonta,Metazoa,Nematoda,Chromadorea,Chromadorea_X,Eumonhystera,Eumonhystera_filiformis,Otu14211,b
202,Nematoda;Chromadorea;Chromadorea_X;Eumonhystera;Eumonhystera_filiformis,0.962192779,Eukaryota,Opisthokonta,Metazoa,Nematoda,Chromadorea,Chromadorea_X,Eumonhystera,Eumonhystera_filiformis,Otu2473,b
203,Nematoda;Chromadorea;Chromadorea_X;Eumonhystera;Eumonhystera_filiformis,0.989868497,Eukaryota,Opisthokonta,Metazoa,Nematoda,Chromadorea,Chromadorea_X,Eumonhystera,Eumonhystera_filiformis,Otu1679,b
204,Nematoda;Chromadorea;Chromadorea_X;Eumonhystera;Eumonhystera_filiformis,0.920206298,Eukaryota,Opisthokonta,Metazoa,Nematoda,Chromadorea,Chromadorea_X,Eumonhystera,Eumonhystera_filiformis,Otu12931,b
205,Nematoda;Chromadorea;Chromadorea_X;Eumonhystera;Eumonhystera_filiformis,0.998990507,Eukaryota,Opisthokonta,Metazoa,Nematoda,Chromadorea,Chromadorea_X,Eumonhystera,Eumonhystera_filiformis,Otu11467,b
206,Nematoda;Chromadorea;Chromadorea_X;Filenchus;,0.756256738,Eukaryota,Opisthokonta,Metazoa,Nematoda,Chromadorea,Chromadorea_X,Filenchus,,Otu2953,f
207,Nematoda;Chromadorea;Chromadorea_X;Filenchus;,0.939556855,Eukaryota,Opisthokonta,Metazoa,Nematoda,Chromadorea,Chromadorea_X,Filenchus,,Otu2063,f
208,Nematoda;Chromadorea;Chromadorea_X;Filenchus;,0.712916708,Eukaryota,Opisthokonta,Metazoa,Nematoda,Chromadorea,Chromadorea_X,Filenchus,,Otu5498,f
209,Nematoda;Chromadorea;Chromadorea_X;Filenchus;,0.834112252,Eukaryota,Opisthokonta,Metazoa,Nematoda,Chromadorea,Chromadorea_X,Filenchus,,Otu3026,f
210,Nematoda;Chromadorea;Chromadorea_X;Filenchus;,0.853418728,Eukaryota,Opisthokonta,Metazoa,Nematoda,Chromadorea,Chromadorea_X,Filenchus,,Otu995,f
211,Nematoda;Chromadorea;Chromadorea_X;Filenchus;Filenchus_discrepans,0.98783216,Eukaryota,Opisthokonta,Metazoa,Nematoda,Chromadorea,Chromadorea_X,Filenchus,Filenchus_discrepans,Otu2198,f
212,Nematoda;Chromadorea;Chromadorea_X;Filenchus;Filenchus_facultativus,0.999985679,Eukaryota,Opisthokonta,Metazoa,Nematoda,Chromadorea,Chromadorea_X,Filenchus,Filenchus_facultativus,Otu10508,f
213,Nematoda;Chromadorea;Chromadorea_X;Filenchus;Filenchus_facultativus,0.999719652,Eukaryota,Opisthokonta,Metazoa,Nematoda,Chromadorea,Chromadorea_X,Filenchus,Filenchus_facultativus,Otu7818,f
214,Nematoda;Chromadorea;Chromadorea_X;Filenchus;Filenchus_facultativus,0.867596896,Eukaryota,Opisthokonta,Metazoa,Nematoda,Chromadorea,Chromadorea_X,Filenchus,Filenchus_facultativus,Otu2511,f
215,Nematoda;Chromadorea;Chromadorea_X;Filenchus;Filenchus_facultativus,0.999999915,Eukaryota,Opisthokonta,Metazoa,Nematoda,Chromadorea,Chromadorea_X,Filenchus,Filenchus_facultativus,Otu4812,f
216,Nematoda;Chromadorea;Chromadorea_X;Filenchus;Filenchus_misellus,0.929290855,Eukaryota,Opisthokonta,Metazoa,Nematoda,Chromadorea,Chromadorea_X,Filenchus,Filenchus_misellus,Otu5916,f
217,Nematoda;Chromadorea;Chromadorea_X;Filenchus;Filenchus_misellus,0.999949055,Eukaryota,Opisthokonta,Metazoa,Nematoda,Chromadorea,Chromadorea_X,Filenchus,Filenchus_misellus,Otu10194,f
218,Nematoda;Chromadorea;Chromadorea_X;Filenchus;Filenchus_misellus,0.91353881,Eukaryota,Opisthokonta,Metazoa,Nematoda,Chromadorea,Chromadorea_X,Filenchus,Filenchus_misellus,Otu8394,f
219,Nematoda;Chromadorea;Chromadorea_X;Filenchus;Filenchus_misellus,0.999910872,Eukaryota,Opisthokonta,Metazoa,Nematoda,Chromadorea,Chromadorea_X,Filenchus,Filenchus_misellus,Otu1049,f
220,Nematoda;Chromadorea;Chromadorea_X;Filenchus;Filenchus_misellus,0.764258663,Eukaryota,Opisthokonta,Metazoa,Nematoda,Chromadorea,Chromadorea_X,Filenchus,Filenchus_misellus,Otu1391,f
221,Nematoda;Chromadorea;Chromadorea_X;Filenchus;Filenchus_misellus,0.999998743,Eukaryota,Opisthokonta,Metazoa,Nematoda,Chromadorea,Chromadorea_X,Filenchus,Filenchus_misellus,Otu5277,f
222,Nematoda;Chromadorea;Chromadorea_X;Geomonhystera;Geomonhystera_sp.,0.959410882,Eukaryota,Opisthokonta,Metazoa,Nematoda,Chromadorea,Chromadorea_X,Geomonhystera,Geomonhystera_sp.,Otu790,b
223,Nematoda;Chromadorea;Chromadorea_X;Geomonhystera;Geomonhystera_sp.,0.999999393,Eukaryota,Opisthokonta,Metazoa,Nematoda,Chromadorea,Chromadorea_X,Geomonhystera,Geomonhystera_sp.,Otu893,b
224,Nematoda;Chromadorea;Chromadorea_X;Geomonhystera;Geomonhystera_villosa,0.70225863,Eukaryota,Opisthokonta,Metazoa,Nematoda,Chromadorea,Chromadorea_X,Geomonhystera,Geomonhystera_villosa,Otu3986,b
225,Nematoda;Chromadorea;Chromadorea_X;Geomonhystera;Geomonhystera_villosa,0.856680471,Eukaryota,Opisthokonta,Metazoa,Nematoda,Chromadorea,Chromadorea_X,Geomonhystera,Geomonhystera_villosa,Otu7020,b
226,Nematoda;Chromadorea;Chromadorea_X;Halicephalobus;Halicephalobus_gingivalis,1,Eukaryota,Opisthokonta,Metazoa,Nematoda,Chromadorea,Chromadorea_X,Halicephalobus,Halicephalobus_gingivalis,Otu6703,b
227,Nematoda;Chromadorea;Chromadorea_X;Halicephalobus;Halicephalobus_gingivalis,0.919123411,Eukaryota,Opisthokonta,Metazoa,Nematoda,Chromadorea,Chromadorea_X,Halicephalobus,Halicephalobus_gingivalis,Otu2681,b
228,Nematoda;Chromadorea;Chromadorea_X;Halicephalobus;Halicephalobus_gingivalis,0.894985515,Eukaryota,Opisthokonta,Metazoa,Nematoda,Chromadorea,Chromadorea_X,Halicephalobus,Halicephalobus_gingivalis,Otu5210,b
229,Nematoda;Chromadorea;Chromadorea_X;Halicephalobus;Halicephalobus_sp.,0.997601457,Eukaryota,Opisthokonta,Metazoa,Nematoda,Chromadorea,Chromadorea_X,Halicephalobus,Halicephalobus_sp.,Otu1208,b
230,Nematoda;Chromadorea;Chromadorea_X;Halicephalobus;Halicephalobus_sp.,0.998271591,Eukaryota,Opisthokonta,Metazoa,Nematoda,Chromadorea,Chromadorea_X,Halicephalobus,Halicephalobus_sp.,Otu1536,b
231,Nematoda;Chromadorea;Chromadorea_X;Haliplectus;Haliplectus_sp.,0.813974116,Eukaryota,Opisthokonta,Metazoa,Nematoda,Chromadorea,Chromadorea_X,Haliplectus,Haliplectus_sp.,Otu11765,b
232,Nematoda;Chromadorea;Chromadorea_X;Helicotylenchus;,0.859104073,Eukaryota,Opisthokonta,Metazoa,Nematoda,Chromadorea,Chromadorea_X,Helicotylenchus,,Otu10148,h
233,Nematoda;Chromadorea;Chromadorea_X;Helicotylenchus;,0.996052323,Eukaryota,Opisthokonta,Metazoa,Nematoda,Chromadorea,Chromadorea_X,Helicotylenchus,,Otu1056,h
234,Nematoda;Chromadorea;Chromadorea_X;Helicotylenchus;,0.926572837,Eukaryota,Opisthokonta,Metazoa,Nematoda,Chromadorea,Chromadorea_X,Helicotylenchus,,Otu390,h
235,Nematoda;Chromadorea;Chromadorea_X;Hemicriconemoides;Hemicriconemoides_pseudobrachyurus,0.828091673,Eukaryota,Opisthokonta,Metazoa,Nematoda,Chromadorea,Chromadorea_X,Hemicriconemoides,Hemicriconemoides_pseudobrachyurus,Otu18,h
236,Nematoda;Chromadorea;Chromadorea_X;Hemicycliophora;,0.728437754,Eukaryota,Opisthokonta,Metazoa,Nematoda,Chromadorea,Chromadorea_X,Hemicycliophora,,Otu198,h
237,Nematoda;Chromadorea;Chromadorea_X;Hemicycliophora;Hemicycliophora_conida,0.734739909,Eukaryota,Opisthokonta,Metazoa,Nematoda,Chromadorea,Chromadorea_X,Hemicycliophora,Hemicycliophora_conida,Otu1903,h
238,Nematoda;Chromadorea;Chromadorea_X;Heterorhabditis;Heterorhabditis_bacteriophora,0.811588086,Eukaryota,Opisthokonta,Metazoa,Nematoda,Chromadorea,Chromadorea_X,Heterorhabditis,Heterorhabditis_bacteriophora,Otu400,h
239,Nematoda;Chromadorea;Chromadorea_X;Howardula;,0.911846516,Eukaryota,Opisthokonta,Metazoa,Nematoda,Chromadorea,Chromadorea_X,Howardula,,Otu3001,Insect parasites
240,Nematoda;Chromadorea;Chromadorea_X;Howardula;Howardula_phyllotretae,0.716787727,Eukaryota,Opisthokonta,Metazoa,Nematoda,Chromadorea,Chromadorea_X,Howardula,Howardula_phyllotretae,Otu816,Insect parasites
241,Nematoda;Chromadorea;Chromadorea_X;Howardula;Howardula_sp.,0.99809907,Eukaryota,Opisthokonta,Metazoa,Nematoda,Chromadorea,Chromadorea_X,Howardula,Howardula_sp.,Otu4540,N
242,Nematoda;Chromadorea;Chromadorea_X;Irantylenchus;Irantylenchus_vicinus,0.876628204,Eukaryota,Opisthokonta,Metazoa,Nematoda,Chromadorea,Chromadorea_X,Irantylenchus,Irantylenchus_vicinus,Otu5856,h
243,Nematoda;Chromadorea;Chromadorea_X;Irantylenchus;Irantylenchus_vicinus,0.949234883,Eukaryota,Opisthokonta,Metazoa,Nematoda,Chromadorea,Chromadorea_X,Irantylenchus,Irantylenchus_vicinus,Otu4110,h
244,Nematoda;Chromadorea;Chromadorea_X;Irantylenchus;Irantylenchus_vicinus,0.830261277,Eukaryota,Opisthokonta,Metazoa,Nematoda,Chromadorea,Chromadorea_X,Irantylenchus,Irantylenchus_vicinus,Otu8701,h
245,Nematoda;Chromadorea;Chromadorea_X;Laimaphelenchus;Laimaphelenchus_heidelbergi,0.76928607,Eukaryota,Opisthokonta,Metazoa,Nematoda,Chromadorea,Chromadorea_X,Laimaphelenchus,Laimaphelenchus_heidelbergi,Otu1361,h
246,Nematoda;Chromadorea;Chromadorea_X;Laimaphelenchus;Laimaphelenchus_heidelbergi,0.947276912,Eukaryota,Opisthokonta,Metazoa,Nematoda,Chromadorea,Chromadorea_X,Laimaphelenchus,Laimaphelenchus_heidelbergi,Otu1588,h
247,Nematoda;Chromadorea;Chromadorea_X;Lelenchus;Lelenchus_leptosoma,1,Eukaryota,Opisthokonta,Metazoa,Nematoda,Chromadorea,Chromadorea_X,Lelenchus,Lelenchus_leptosoma,Otu2862,h
248,Nematoda;Chromadorea;Chromadorea_X;Malenchus;,0.821171212,Eukaryota,Opisthokonta,Metazoa,Nematoda,Chromadorea,Chromadorea_X,Malenchus,,Otu6686,h
249,Nematoda;Chromadorea;Chromadorea_X;Malenchus;Malenchus_neosulcus,0.952079872,Eukaryota,Opisthokonta,Metazoa,Nematoda,Chromadorea,Chromadorea_X,Malenchus,Malenchus_neosulcus,Otu9532,N
250,Nematoda;Chromadorea;Chromadorea_X;Meloidogyne;,0.999998104,Eukaryota,Opisthokonta,Metazoa,Nematoda,Chromadorea,Chromadorea_X,Meloidogyne,,Otu977,h
251,Nematoda;Chromadorea;Chromadorea_X;Meloidogyne;,1,Eukaryota,Opisthokonta,Metazoa,Nematoda,Chromadorea,Chromadorea_X,Meloidogyne,,Otu54,h
252,Nematoda;Chromadorea;Chromadorea_X;Meloidogyne;Meloidogyne_incognita,0.800170612,Eukaryota,Opisthokonta,Metazoa,Nematoda,Chromadorea,Chromadorea_X,Meloidogyne,Meloidogyne_incognita,Otu557,h
253,Nematoda;Chromadorea;Chromadorea_X;Meloidogyne;Meloidogyne_marylandi,0.957473838,Eukaryota,Opisthokonta,Metazoa,Nematoda,Chromadorea,Chromadorea_X,Meloidogyne,Meloidogyne_marylandi,Otu29,h
254,Nematoda;Chromadorea;Chromadorea_X;Meloidogyne;Meloidogyne_marylandi,0.952455777,Eukaryota,Opisthokonta,Metazoa,Nematoda,Chromadorea,Chromadorea_X,Meloidogyne,Meloidogyne_marylandi,Otu10429,h
255,Nematoda;Chromadorea;Chromadorea_X;Mesorhabditis;Mesorhabditis_sp.,0.999999096,Eukaryota,Opisthokonta,Metazoa,Nematoda,Chromadorea,Chromadorea_X,Mesorhabditis,Mesorhabditis_sp.,Otu122,b
256,Nematoda;Chromadorea;Chromadorea_X;Mesorhabditis;Mesorhabditis_sp.,0.999998692,Eukaryota,Opisthokonta,Metazoa,Nematoda,Chromadorea,Chromadorea_X,Mesorhabditis,Mesorhabditis_sp.,Otu139,b
257,Nematoda;Chromadorea;Chromadorea_X;Mesorhabditis;Mesorhabditis_sp.,0.99923444,Eukaryota,Opisthokonta,Metazoa,Nematoda,Chromadorea,Chromadorea_X,Mesorhabditis,Mesorhabditis_sp.,Otu673,b
258,Nematoda;Chromadorea;Chromadorea_X;Mesorhabditis;Mesorhabditis_sp.,0.999767389,Eukaryota,Opisthokonta,Metazoa,Nematoda,Chromadorea,Chromadorea_X,Mesorhabditis,Mesorhabditis_sp.,Otu12025,b
259,Nematoda;Chromadorea;Chromadorea_X;Neopsilenchus;Neopsilenchus_magnidens,0.999976891,Eukaryota,Opisthokonta,Metazoa,Nematoda,Chromadorea,Chromadorea_X,Neopsilenchus,Neopsilenchus_magnidens,Otu2434,h
260,Nematoda;Chromadorea;Chromadorea_X;Neopsilenchus;Neopsilenchus_magnidens,0.999998014,Eukaryota,Opisthokonta,Metazoa,Nematoda,Chromadorea,Chromadorea_X,Neopsilenchus,Neopsilenchus_magnidens,Otu114,h
261,Nematoda;Chromadorea;Chromadorea_X;Oscheius;Oscheius_dolichura,0.751568979,Eukaryota,Opisthokonta,Metazoa,Nematoda,Chromadorea,Chromadorea_X,Oscheius,Oscheius_dolichura,Otu2553,b
262,Nematoda;Chromadorea;Chromadorea_X;Oscheius;Oscheius_guentheri,0.836399917,Eukaryota,Opisthokonta,Metazoa,Nematoda,Chromadorea,Chromadorea_X,Oscheius,Oscheius_guentheri,Otu343,b
263,Nematoda;Chromadorea;Chromadorea_X;Oscheius;Oscheius_tipulae,0.99999966,Eukaryota,Opisthokonta,Metazoa,Nematoda,Chromadorea,Chromadorea_X,Oscheius,Oscheius_tipulae,Otu123,b
264,Nematoda;Chromadorea;Chromadorea_X;Ottolenchus;Ottolenchus_longiurus,0.984576052,Eukaryota,Opisthokonta,Metazoa,Nematoda,Chromadorea,Chromadorea_X,Ottolenchus,Ottolenchus_longiurus,Otu6644,b
265,Nematoda;Chromadorea;Chromadorea_X;Ottolenchus;Ottolenchus_longiurus,0.863870634,Eukaryota,Opisthokonta,Metazoa,Nematoda,Chromadorea,Chromadorea_X,Ottolenchus,Ottolenchus_longiurus,Otu526,b
266,Nematoda;Chromadorea;Chromadorea_X;Panagrolaimus;,0.940047179,Eukaryota,Opisthokonta,Metazoa,Nematoda,Chromadorea,Chromadorea_X,Panagrolaimus,,Otu179,b
267,Nematoda;Chromadorea;Chromadorea_X;Panagrolaimus;,0.99999968,Eukaryota,Opisthokonta,Metazoa,Nematoda,Chromadorea,Chromadorea_X,Panagrolaimus,,Otu10837,b
268,Nematoda;Chromadorea;Chromadorea_X;Panagrolaimus;,0.999977977,Eukaryota,Opisthokonta,Metazoa,Nematoda,Chromadorea,Chromadorea_X,Panagrolaimus,,Otu7517,b
269,Nematoda;Chromadorea;Chromadorea_X;Panagrolaimus;,0.999999862,Eukaryota,Opisthokonta,Metazoa,Nematoda,Chromadorea,Chromadorea_X,Panagrolaimus,,Otu199,b
270,Nematoda;Chromadorea;Chromadorea_X;Panagrolaimus;,1,Eukaryota,Opisthokonta,Metazoa,Nematoda,Chromadorea,Chromadorea_X,Panagrolaimus,,Otu9312,b
271,Nematoda;Chromadorea;Chromadorea_X;Panagrolaimus;,1,Eukaryota,Opisthokonta,Metazoa,Nematoda,Chromadorea,Chromadorea_X,Panagrolaimus,,Otu1021,b
272,Nematoda;Chromadorea;Chromadorea_X;Panagrolaimus;,1,Eukaryota,Opisthokonta,Metazoa,Nematoda,Chromadorea,Chromadorea_X,Panagrolaimus,,Otu212,b
273,Nematoda;Chromadorea;Chromadorea_X;Panagrolaimus;,1,Eukaryota,Opisthokonta,Metazoa,Nematoda,Chromadorea,Chromadorea_X,Panagrolaimus,,Otu1768,b
274,Nematoda;Chromadorea;Chromadorea_X;Panagrolaimus;Panagrolaimus_rigidus,0.902776106,Eukaryota,Opisthokonta,Metazoa,Nematoda,Chromadorea,Chromadorea_X,Panagrolaimus,Panagrolaimus_rigidus,Otu203,b
275,Nematoda;Chromadorea;Chromadorea_X;Panagrolaimus;Panagrolaimus_sp.,0.941492831,Eukaryota,Opisthokonta,Metazoa,Nematoda,Chromadorea,Chromadorea_X,Panagrolaimus,Panagrolaimus_sp.,Otu163,b
276,Nematoda;Chromadorea;Chromadorea_X;Panagrolaimus;Panagrolaimus_sp.,0.871216241,Eukaryota,Opisthokonta,Metazoa,Nematoda,Chromadorea,Chromadorea_X,Panagrolaimus,Panagrolaimus_sp.,Otu2581,b
277,Nematoda;Chromadorea;Chromadorea_X;Panagrolaimus;Panagrolaimus_sp.,0.990878744,Eukaryota,Opisthokonta,Metazoa,Nematoda,Chromadorea,Chromadorea_X,Panagrolaimus,Panagrolaimus_sp.,Otu2083,b
278,Nematoda;Chromadorea;Chromadorea_X;Panagrolaimus;Panagrolaimus_sp.,0.752957493,Eukaryota,Opisthokonta,Metazoa,Nematoda,Chromadorea,Chromadorea_X,Panagrolaimus,Panagrolaimus_sp.,Otu6820,b
279,Nematoda;Chromadorea;Chromadorea_X;Panagrolaimus;Panagrolaimus_sp.,0.794839435,Eukaryota,Opisthokonta,Metazoa,Nematoda,Chromadorea,Chromadorea_X,Panagrolaimus,Panagrolaimus_sp.,Otu7303,b
280,Nematoda;Chromadorea;Chromadorea_X;Panagrolaimus;Panagrolaimus_sp.,0.902396271,Eukaryota,Opisthokonta,Metazoa,Nematoda,Chromadorea,Chromadorea_X,Panagrolaimus,Panagrolaimus_sp.,Otu5110,b
281,Nematoda;Chromadorea;Chromadorea_X;Panagrolaimus;Panagrolaimus_sp.,0.806718166,Eukaryota,Opisthokonta,Metazoa,Nematoda,Chromadorea,Chromadorea_X,Panagrolaimus,Panagrolaimus_sp.,Otu5133,b
282,Nematoda;Chromadorea;Chromadorea_X;Paraphelenchus;,0.999999986,Eukaryota,Opisthokonta,Metazoa,Nematoda,Chromadorea,Chromadorea_X,Paraphelenchus,,Otu315,f
283,Nematoda;Chromadorea;Chromadorea_X;Paratylenchus;Paratylenchus_microdorus,0.956229228,Eukaryota,Opisthokonta,Metazoa,Nematoda,Chromadorea,Chromadorea_X,Paratylenchus,Paratylenchus_microdorus,Otu1488,h
284,Nematoda;Chromadorea;Chromadorea_X;Paratylenchus;Paratylenchus_projectus,0.732174081,Eukaryota,Opisthokonta,Metazoa,Nematoda,Chromadorea,Chromadorea_X,Paratylenchus,Paratylenchus_projectus,Otu559,h
285,Nematoda;Chromadorea;Chromadorea_X;Pellioditis;Pellioditis_marina,0.898162579,Eukaryota,Opisthokonta,Metazoa,Nematoda,Chromadorea,Chromadorea_X,Pellioditis,Pellioditis_marina,Otu13805,N
286,Nematoda;Chromadorea;Chromadorea_X;Physaloptera;Physaloptera_sp.,0.975591143,Eukaryota,Opisthokonta,Metazoa,Nematoda,Chromadorea,Chromadorea_X,Physaloptera,Physaloptera_sp.,Otu9166,N
287,Nematoda;Chromadorea;Chromadorea_X;Poikilolaimus;Poikilolaimus_oxycercus,0.994830032,Eukaryota,Opisthokonta,Metazoa,Nematoda,Chromadorea,Chromadorea_X,Poikilolaimus,Poikilolaimus_oxycercus,Otu10586,N
288,Nematoda;Chromadorea;Chromadorea_X;Pratylenchus;Pratylenchus_scribneri,0.997385595,Eukaryota,Opisthokonta,Metazoa,Nematoda,Chromadorea,Chromadorea_X,Pratylenchus,Pratylenchus_scribneri,Otu59,h
289,Nematoda;Chromadorea;Chromadorea_X;Pratylenchus;Pratylenchus_scribneri,0.978635032,Eukaryota,Opisthokonta,Metazoa,Nematoda,Chromadorea,Chromadorea_X,Pratylenchus,Pratylenchus_scribneri,Otu9903,h
290,Nematoda;Chromadorea;Chromadorea_X;Pratylenchus;Pratylenchus_scribneri,0.994060686,Eukaryota,Opisthokonta,Metazoa,Nematoda,Chromadorea,Chromadorea_X,Pratylenchus,Pratylenchus_scribneri,Otu2890,h
291,Nematoda;Chromadorea;Chromadorea_X;Pratylenchus;Pratylenchus_scribneri,0.975373155,Eukaryota,Opisthokonta,Metazoa,Nematoda,Chromadorea,Chromadorea_X,Pratylenchus,Pratylenchus_scribneri,Otu1842,h
292,Nematoda;Chromadorea;Chromadorea_X;Pratylenchus;Pratylenchus_scribneri,0.986853189,Eukaryota,Opisthokonta,Metazoa,Nematoda,Chromadorea,Chromadorea_X,Pratylenchus,Pratylenchus_scribneri,Otu3630,h
293,Nematoda;Chromadorea;Chromadorea_X;Pristionchus;,0.999999972,Eukaryota,Opisthokonta,Metazoa,Nematoda,Chromadorea,Chromadorea_X,Pristionchus,,Otu45,e
294,Nematoda;Chromadorea;Chromadorea_X;Pristionchus;,0.99999979,Eukaryota,Opisthokonta,Metazoa,Nematoda,Chromadorea,Chromadorea_X,Pristionchus,,Otu4804,e
295,Nematoda;Chromadorea;Chromadorea_X;Prodesmodora;Prodesmodora_sp.,0.999999998,Eukaryota,Opisthokonta,Metazoa,Nematoda,Chromadorea,Chromadorea_X,Prodesmodora,Prodesmodora_sp.,Otu692,b
296,Nematoda;Chromadorea;Chromadorea_X;Prodesmodora;Prodesmodora_sp.,0.999670879,Eukaryota,Opisthokonta,Metazoa,Nematoda,Chromadorea,Chromadorea_X,Prodesmodora,Prodesmodora_sp.,Otu1048,b
297,Nematoda;Chromadorea;Chromadorea_X;Prodesmodora;Prodesmodora_sp.,0.966087982,Eukaryota,Opisthokonta,Metazoa,Nematoda,Chromadorea,Chromadorea_X,Prodesmodora,Prodesmodora_sp.,Otu10947,b
298,Nematoda;Chromadorea;Chromadorea_X;Prodesmodora;Prodesmodora_sp.,0.999930783,Eukaryota,Opisthokonta,Metazoa,Nematoda,Chromadorea,Chromadorea_X,Prodesmodora,Prodesmodora_sp.,Otu1165,b
299,Nematoda;Chromadorea;Chromadorea_X;Prodesmodora;Prodesmodora_sp.,0.999998654,Eukaryota,Opisthokonta,Metazoa,Nematoda,Chromadorea,Chromadorea_X,Prodesmodora,Prodesmodora_sp.,Otu4572,b
300,Nematoda;Chromadorea;Chromadorea_X;Prodesmodora;Prodesmodora_sp.,0.999998946,Eukaryota,Opisthokonta,Metazoa,Nematoda,Chromadorea,Chromadorea_X,Prodesmodora,Prodesmodora_sp.,Otu3691,b
301,Nematoda;Chromadorea;Chromadorea_X;Prodesmodora;Prodesmodora_sp.,0.998254476,Eukaryota,Opisthokonta,Metazoa,Nematoda,Chromadorea,Chromadorea_X,Prodesmodora,Prodesmodora_sp.,Otu463,b
302,Nematoda;Chromadorea;Chromadorea_X;Prodesmodora;Prodesmodora_sp.,0.997550934,Eukaryota,Opisthokonta,Metazoa,Nematoda,Chromadorea,Chromadorea_X,Prodesmodora,Prodesmodora_sp.,Otu93,b
303,Nematoda;Chromadorea;Chromadorea_X;Prodesmodora;Prodesmodora_sp.,0.999999836,Eukaryota,Opisthokonta,Metazoa,Nematoda,Chromadorea,Chromadorea_X,Prodesmodora,Prodesmodora_sp.,Otu7630,b
304,Nematoda;Chromadorea;Chromadorea_X;Protorhabditis;Protorhabditis_sp.,0.999999207,Eukaryota,Opisthokonta,Metazoa,Nematoda,Chromadorea,Chromadorea_X,Protorhabditis,Protorhabditis_sp.,Otu329,b
305,Nematoda;Chromadorea;Chromadorea_X;Pseudacrobeles;Pseudacrobeles_variabilis,0.87461969,Eukaryota,Opisthokonta,Metazoa,Nematoda,Chromadorea,Chromadorea_X,Pseudacrobeles,Pseudacrobeles_variabilis,Otu1213,b
306,Nematoda;Chromadorea;Chromadorea_X;Pseudhalenchus;Pseudhalenchus_minutus,1,Eukaryota,Opisthokonta,Metazoa,Nematoda,Chromadorea,Chromadorea_X,Pseudhalenchus,Pseudhalenchus_minutus,Otu928,b
307,Nematoda;Chromadorea;Chromadorea_X;Pseudhalenchus;Pseudhalenchus_minutus,1,Eukaryota,Opisthokonta,Metazoa,Nematoda,Chromadorea,Chromadorea_X,Pseudhalenchus,Pseudhalenchus_minutus,Otu11431,b
308,Nematoda;Chromadorea;Chromadorea_X;Psilenchus;Psilenchus_hilarulus,0.999999466,Eukaryota,Opisthokonta,Metazoa,Nematoda,Chromadorea,Chromadorea_X,Psilenchus,Psilenchus_hilarulus,Otu986,h
309,Nematoda;Chromadorea;Chromadorea_X;Rhabditis;Rhabditis_myriophila,0.799911957,Eukaryota,Opisthokonta,Metazoa,Nematoda,Chromadorea,Chromadorea_X,Rhabditis,Rhabditis_myriophila,Otu899,b
310,Nematoda;Chromadorea;Chromadorea_X;Rhabditis;Rhabditis_terricola,0.989776202,Eukaryota,Opisthokonta,Metazoa,Nematoda,Chromadorea,Chromadorea_X,Rhabditis,Rhabditis_terricola,Otu1998,b
311,Nematoda;Chromadorea;Chromadorea_X;Rhabditoides;Rhabditoides_inermis,0.999999993,Eukaryota,Opisthokonta,Metazoa,Nematoda,Chromadorea,Chromadorea_X,Rhabditoides,Rhabditoides_inermis,Otu7154,N
312,Nematoda;Chromadorea;Chromadorea_X;Rhabditophanes;Rhabditophanes_sp.,0.985251599,Eukaryota,Opisthokonta,Metazoa,Nematoda,Chromadorea,Chromadorea_X,Rhabditophanes,Rhabditophanes_sp.,Otu4570,b
313,Nematoda;Chromadorea;Chromadorea_X;Sabatieria;,0.83720697,Eukaryota,Opisthokonta,Metazoa,Nematoda,Chromadorea,Chromadorea_X,Sabatieria,,Otu1416,b
314,Nematoda;Chromadorea;Chromadorea_X;Seinura;,1,Eukaryota,Opisthokonta,Metazoa,Nematoda,Chromadorea,Chromadorea_X,Seinura,,Otu2076,p
315,Nematoda;Chromadorea;Chromadorea_X;Spiruridae;Spiruridae_sp.,0.995274249,Eukaryota,Opisthokonta,Metazoa,Nematoda,Chromadorea,Chromadorea_X,Spiruridae,Spiruridae_sp.,Otu1602,dog parasitic
316,Nematoda;Chromadorea;Chromadorea_X;Steinernema;Steinernema_glaseri,0.869045614,Eukaryota,Opisthokonta,Metazoa,Nematoda,Chromadorea,Chromadorea_X,Steinernema,Steinernema_glaseri,Otu449,b
317,Nematoda;Chromadorea;Chromadorea_X;Tylenchus;Tylenchus_naranensis,0.853034977,Eukaryota,Opisthokonta,Metazoa,Nematoda,Chromadorea,Chromadorea_X,Tylenchus,Tylenchus_naranensis,Otu1356,h
318,Nematoda;Chromadorea;Chromadorea_X;Tylocephalus;Tylocephalus_auriculatus,0.996882632,Eukaryota,Opisthokonta,Metazoa,Nematoda,Chromadorea,Chromadorea_X,Tylocephalus,Tylocephalus_auriculatus,Otu3822,b
319,Nematoda;Chromadorea;Chromadorea_X;Tylopharynx;Tylopharynx_foetidus,0.999999776,Eukaryota,Opisthokonta,Metazoa,Nematoda,Chromadorea,Chromadorea_X,Tylopharynx,Tylopharynx_foetidus,Otu1525,b
320,Nematoda;Chromadorea;Haliplectoidea;Rhabdolaimus;,0.999823577,Eukaryota,Opisthokonta,Metazoa,Nematoda,Chromadorea,Haliplectoidea,Rhabdolaimus,,Otu1750,b
321,Nematoda;Chromadorea;Haliplectoidea;Rhabdolaimus;Rhabdolaimus_terrestris,0.998773184,Eukaryota,Opisthokonta,Metazoa,Nematoda,Chromadorea,Haliplectoidea,Rhabdolaimus,Rhabdolaimus_terrestris,Otu3769,b
322,Nematoda;Enoplea;Enoplea_X;;,1,Eukaryota,Opisthokonta,Metazoa,Nematoda,Enoplea,Enoplea_X,,,Otu134,N
323,Nematoda;Enoplea;Enoplea_X;;,0.999989691,Eukaryota,Opisthokonta,Metazoa,Nematoda,Enoplea,Enoplea_X,,,Otu97,N
324,Nematoda;Enoplea;Enoplea_X;;,0.999600102,Eukaryota,Opisthokonta,Metazoa,Nematoda,Enoplea,Enoplea_X,,,Otu2454,N
325,Nematoda;Enoplea;Enoplea_X;;,1,Eukaryota,Opisthokonta,Metazoa,Nematoda,Enoplea,Enoplea_X,,,Otu8829,N
326,Nematoda;Enoplea;Enoplea_X;;,0.999807238,Eukaryota,Opisthokonta,Metazoa,Nematoda,Enoplea,Enoplea_X,,,Otu8715,N
327,Nematoda;Enoplea;Enoplea_X;;,0.999999999,Eukaryota,Opisthokonta,Metazoa,Nematoda,Enoplea,Enoplea_X,,,Otu242,N
328,Nematoda;Enoplea;Enoplea_X;;,1,Eukaryota,Opisthokonta,Metazoa,Nematoda,Enoplea,Enoplea_X,,,Otu9379,N
329,Nematoda;Enoplea;Enoplea_X;;,0.99999999,Eukaryota,Opisthokonta,Metazoa,Nematoda,Enoplea,Enoplea_X,,,Otu825,N
330,Nematoda;Enoplea;Enoplea_X;;,0.999999999,Eukaryota,Opisthokonta,Metazoa,Nematoda,Enoplea,Enoplea_X,,,Otu13211,N
331,Nematoda;Enoplea;Enoplea_X;;,0.825136684,Eukaryota,Opisthokonta,Metazoa,Nematoda,Enoplea,Enoplea_X,,,Otu2309,N
332,Nematoda;Enoplea;Enoplea_X;;,0.999999992,Eukaryota,Opisthokonta,Metazoa,Nematoda,Enoplea,Enoplea_X,,,Otu311,N
333,Nematoda;Enoplea;Enoplea_X;;,0.999999975,Eukaryota,Opisthokonta,Metazoa,Nematoda,Enoplea,Enoplea_X,,,Otu187,N
334,Nematoda;Enoplea;Enoplea_X;;,1,Eukaryota,Opisthokonta,Metazoa,Nematoda,Enoplea,Enoplea_X,,,Otu5749,N
335,Nematoda;Enoplea;Enoplea_X;;,0.999997578,Eukaryota,Opisthokonta,Metazoa,Nematoda,Enoplea,Enoplea_X,,,Otu4144,N
336,Nematoda;Enoplea;Enoplea_X;;,0.999962051,Eukaryota,Opisthokonta,Metazoa,Nematoda,Enoplea,Enoplea_X,,,Otu747,N
337,Nematoda;Enoplea;Enoplea_X;;,0.999999899,Eukaryota,Opisthokonta,Metazoa,Nematoda,Enoplea,Enoplea_X,,,Otu13913,N
338,Nematoda;Enoplea;Enoplea_X;;,0.99993181,Eukaryota,Opisthokonta,Metazoa,Nematoda,Enoplea,Enoplea_X,,,Otu406,N
339,Nematoda;Enoplea;Enoplea_X;;,0.99999996,Eukaryota,Opisthokonta,Metazoa,Nematoda,Enoplea,Enoplea_X,,,Otu60,N
340,Nematoda;Enoplea;Enoplea_X;;,0.93929991,Eukaryota,Opisthokonta,Metazoa,Nematoda,Enoplea,Enoplea_X,,,Otu116,N
341,Nematoda;Enoplea;Enoplea_X;;,0.97781942,Eukaryota,Opisthokonta,Metazoa,Nematoda,Enoplea,Enoplea_X,,,Otu951,N
342,Nematoda;Enoplea;Enoplea_X;;,0.999999027,Eukaryota,Opisthokonta,Metazoa,Nematoda,Enoplea,Enoplea_X,,,Otu512,N
343,Nematoda;Enoplea;Enoplea_X;;,0.999999996,Eukaryota,Opisthokonta,Metazoa,Nematoda,Enoplea,Enoplea_X,,,Otu1407,N
344,Nematoda;Enoplea;Enoplea_X;;,0.999999995,Eukaryota,Opisthokonta,Metazoa,Nematoda,Enoplea,Enoplea_X,,,Otu193,N
345,Nematoda;Enoplea;Enoplea_X;;,0.997648157,Eukaryota,Opisthokonta,Metazoa,Nematoda,Enoplea,Enoplea_X,,,Otu420,N
346,Nematoda;Enoplea;Enoplea_X;;,0.999895106,Eukaryota,Opisthokonta,Metazoa,Nematoda,Enoplea,Enoplea_X,,,Otu8437,N
347,Nematoda;Enoplea;Enoplea_X;;,1,Eukaryota,Opisthokonta,Metazoa,Nematoda,Enoplea,Enoplea_X,,,Otu8195,N
348,Nematoda;Enoplea;Enoplea_X;;,1,Eukaryota,Opisthokonta,Metazoa,Nematoda,Enoplea,Enoplea_X,,,Otu131,N
349,Nematoda;Enoplea;Enoplea_X;;,0.999998645,Eukaryota,Opisthokonta,Metazoa,Nematoda,Enoplea,Enoplea_X,,,Otu6981,N
350,Nematoda;Enoplea;Enoplea_X;;,0.999987268,Eukaryota,Opisthokonta,Metazoa,Nematoda,Enoplea,Enoplea_X,,,Otu1377,N
351,Nematoda;Enoplea;Enoplea_X;;,1,Eukaryota,Opisthokonta,Metazoa,Nematoda,Enoplea,Enoplea_X,,,Otu8284,N
352,Nematoda;Enoplea;Enoplea_X;;,0.999604912,Eukaryota,Opisthokonta,Metazoa,Nematoda,Enoplea,Enoplea_X,,,Otu4915,N
353,Nematoda;Enoplea;Enoplea_X;;,0.999573499,Eukaryota,Opisthokonta,Metazoa,Nematoda,Enoplea,Enoplea_X,,,Otu5987,N
354,Nematoda;Enoplea;Enoplea_X;Alaimus;,0.996863931,Eukaryota,Opisthokonta,Metazoa,Nematoda,Enoplea,Enoplea_X,Alaimus,,Otu630,b
355,Nematoda;Enoplea;Enoplea_X;Alaimus;Alaimus_parvus,0.821771089,Eukaryota,Opisthokonta,Metazoa,Nematoda,Enoplea,Enoplea_X,Alaimus,Alaimus_parvus,Otu1302,b
356,Nematoda;Enoplea;Enoplea_X;Alaimus;Alaimus_parvus,0.999923108,Eukaryota,Opisthokonta,Metazoa,Nematoda,Enoplea,Enoplea_X,Alaimus,Alaimus_parvus,Otu627,b
357,Nematoda;Enoplea;Enoplea_X;Alaimus;Alaimus_sp.,0.999976477,Eukaryota,Opisthokonta,Metazoa,Nematoda,Enoplea,Enoplea_X,Alaimus,Alaimus_sp.,Otu5696,b
358,Nematoda;Enoplea;Enoplea_X;Alaimus;Alaimus_sp.,0.999988087,Eukaryota,Opisthokonta,Metazoa,Nematoda,Enoplea,Enoplea_X,Alaimus,Alaimus_sp.,Otu9117,b
359,Nematoda;Enoplea;Enoplea_X;Alaimus;Alaimus_sp.,0.998825913,Eukaryota,Opisthokonta,Metazoa,Nematoda,Enoplea,Enoplea_X,Alaimus,Alaimus_sp.,Otu6886,b
360,Nematoda;Enoplea;Enoplea_X;Alaimus;Alaimus_sp.,0.988656365,Eukaryota,Opisthokonta,Metazoa,Nematoda,Enoplea,Enoplea_X,Alaimus,Alaimus_sp.,Otu166,b
361,Nematoda;Enoplea;Enoplea_X;Alaimus;Alaimus_sp.,0.999922384,Eukaryota,Opisthokonta,Metazoa,Nematoda,Enoplea,Enoplea_X,Alaimus,Alaimus_sp.,Otu11453,b
362,Nematoda;Enoplea;Enoplea_X;Alaimus;Alaimus_sp.,0.999977898,Eukaryota,Opisthokonta,Metazoa,Nematoda,Enoplea,Enoplea_X,Alaimus,Alaimus_sp.,Otu10027,b
363,Nematoda;Enoplea;Enoplea_X;Alaimus;Alaimus_sp.,0.999996866,Eukaryota,Opisthokonta,Metazoa,Nematoda,Enoplea,Enoplea_X,Alaimus,Alaimus_sp.,Otu9282,b
364,Nematoda;Enoplea;Enoplea_X;Alaimus;Alaimus_sp.,0.999991808,Eukaryota,Opisthokonta,Metazoa,Nematoda,Enoplea,Enoplea_X,Alaimus,Alaimus_sp.,Otu7076,b
365,Nematoda;Enoplea;Enoplea_X;Alaimus;Alaimus_sp.,0.998964063,Eukaryota,Opisthokonta,Metazoa,Nematoda,Enoplea,Enoplea_X,Alaimus,Alaimus_sp.,Otu4867,b
366,Nematoda;Enoplea;Enoplea_X;Alaimus;Alaimus_sp.,0.944430325,Eukaryota,Opisthokonta,Metazoa,Nematoda,Enoplea,Enoplea_X,Alaimus,Alaimus_sp.,Otu2392,b
367,Nematoda;Enoplea;Enoplea_X;Alaimus;Alaimus_sp.,0.999997805,Eukaryota,Opisthokonta,Metazoa,Nematoda,Enoplea,Enoplea_X,Alaimus,Alaimus_sp.,Otu2398,b
368,Nematoda;Enoplea;Enoplea_X;Alaimus;Alaimus_sp.,0.999807932,Eukaryota,Opisthokonta,Metazoa,Nematoda,Enoplea,Enoplea_X,Alaimus,Alaimus_sp.,Otu434,b
369,Nematoda;Enoplea;Enoplea_X;Alaimus;Alaimus_sp.,0.999984598,Eukaryota,Opisthokonta,Metazoa,Nematoda,Enoplea,Enoplea_X,Alaimus,Alaimus_sp.,Otu4656,b
370,Nematoda;Enoplea;Enoplea_X;Alaimus;Alaimus_sp.,0.88483455,Eukaryota,Opisthokonta,Metazoa,Nematoda,Enoplea,Enoplea_X,Alaimus,Alaimus_sp.,Otu675,b
371,Nematoda;Enoplea;Enoplea_X;Aporcelaimellus;,0.729924615,Eukaryota,Opisthokonta,Metazoa,Nematoda,Enoplea,Enoplea_X,Aporcelaimellus,,Otu10138,o
372,Nematoda;Enoplea;Enoplea_X;Bastiania;Bastiania_gracilis,0.717959668,Eukaryota,Opisthokonta,Metazoa,Nematoda,Enoplea,Enoplea_X,Bastiania,Bastiania_gracilis,Otu2902,b
373,Nematoda;Enoplea;Enoplea_X;Calcaridorylaimus;Calcaridorylaimus_GR-2013,0.830275154,Eukaryota,Opisthokonta,Metazoa,Nematoda,Enoplea,Enoplea_X,Calcaridorylaimus,Calcaridorylaimus_GR-2013,Otu2636,o
374,Nematoda;Enoplea;Enoplea_X;Clarkus;Clarkus_papillatus,0.981807534,Eukaryota,Opisthokonta,Metazoa,Nematoda,Enoplea,Enoplea_X,Clarkus,Clarkus_papillatus,Otu1357,p
375,Nematoda;Enoplea;Enoplea_X;Diphtherophora;Diphtherophora_obesus,0.816164639,Eukaryota,Opisthokonta,Metazoa,Nematoda,Enoplea,Enoplea_X,Diphtherophora,Diphtherophora_obesus,Otu32,f
376,Nematoda;Enoplea;Enoplea_X;Ironus;Ironus_sp.,0.756606987,Eukaryota,Opisthokonta,Metazoa,Nematoda,Enoplea,Enoplea_X,Ironus,Ironus_sp.,Otu505,p
377,Nematoda;Enoplea;Enoplea_X;Mermithid;Mermithid_sp.,0.928502649,Eukaryota,Opisthokonta,Metazoa,Nematoda,Enoplea,Enoplea_X,Mermithid,Mermithid_sp.,Otu1806,Animal parasites
378,Nematoda;Enoplea;Enoplea_X;Mermithidae;Mermithidae_sp.,0.999999988,Eukaryota,Opisthokonta,Metazoa,Nematoda,Enoplea,Enoplea_X,Mermithidae,Mermithidae_sp.,Otu4676,Insect parasites
379,Nematoda;Enoplea;Enoplea_X;Mermithidae;Mermithidae_sp.,0.822683222,Eukaryota,Opisthokonta,Metazoa,Nematoda,Enoplea,Enoplea_X,Mermithidae,Mermithidae_sp.,Otu1280,Insect parasites
380,Nematoda;Enoplea;Enoplea_X;Microdorylaimus;Microdorylaimus_miser,0.899408608,Eukaryota,Opisthokonta,Metazoa,Nematoda,Enoplea,Enoplea_X,Microdorylaimus,Microdorylaimus_miser,Otu121,o
381,Nematoda;Enoplea;Enoplea_X;Mylonchulus;,0.999999959,Eukaryota,Opisthokonta,Metazoa,Nematoda,Enoplea,Enoplea_X,Mylonchulus,,Otu2701,p
382,Nematoda;Enoplea;Enoplea_X;Odontolaimus;Odontolaimus_sp.,0.938588798,Eukaryota,Opisthokonta,Metazoa,Nematoda,Enoplea,Enoplea_X,Odontolaimus,Odontolaimus_sp.,Otu350,b
383,Nematoda;Enoplea;Enoplea_X;Paratrichodorus;,0.99999975,Eukaryota,Opisthokonta,Metazoa,Nematoda,Enoplea,Enoplea_X,Paratrichodorus,,Otu14,h
384,Nematoda;Enoplea;Enoplea_X;Paratrichodorus;Paratrichodorus_allius,0.870540908,Eukaryota,Opisthokonta,Metazoa,Nematoda,Enoplea,Enoplea_X,Paratrichodorus,Paratrichodorus_allius,Otu2648,h
385,Nematoda;Enoplea;Enoplea_X;Paratrichodorus;Paratrichodorus_minor,0.999356224,Eukaryota,Opisthokonta,Metazoa,Nematoda,Enoplea,Enoplea_X,Paratrichodorus,Paratrichodorus_minor,Otu6434,h
386,Nematoda;Enoplea;Enoplea_X;Paratrichodorus;Paratrichodorus_minor,0.999892094,Eukaryota,Opisthokonta,Metazoa,Nematoda,Enoplea,Enoplea_X,Paratrichodorus,Paratrichodorus_minor,Otu5,h
387,Nematoda;Enoplea;Enoplea_X;Prionchulus;Prionchulus_muscorum,0.915263116,Eukaryota,Opisthokonta,Metazoa,Nematoda,Enoplea,Enoplea_X,Prionchulus,Prionchulus_muscorum,Otu2329,p
388,Nematoda;Enoplea;Enoplea_X;Prismatolaimus;,0.999999964,Eukaryota,Opisthokonta,Metazoa,Nematoda,Enoplea,Enoplea_X,Prismatolaimus,,Otu5530,b
389,Nematoda;Enoplea;Enoplea_X;Prismatolaimus;,0.925402956,Eukaryota,Opisthokonta,Metazoa,Nematoda,Enoplea,Enoplea_X,Prismatolaimus,,Otu4976,b
390,Nematoda;Enoplea;Enoplea_X;Prismatolaimus;,0.999999575,Eukaryota,Opisthokonta,Metazoa,Nematoda,Enoplea,Enoplea_X,Prismatolaimus,,Otu14095,b
391,Nematoda;Enoplea;Enoplea_X;Prismatolaimus;,0.999999982,Eukaryota,Opisthokonta,Metazoa,Nematoda,Enoplea,Enoplea_X,Prismatolaimus,,Otu1856,b
392,Nematoda;Enoplea;Enoplea_X;Prismatolaimus;Prismatolaimus_dolichurus,0.988112623,Eukaryota,Opisthokonta,Metazoa,Nematoda,Enoplea,Enoplea_X,Prismatolaimus,Prismatolaimus_dolichurus,Otu23,b
393,Nematoda;Enoplea;Enoplea_X;Prismatolaimus;Prismatolaimus_dolichurus,0.760351856,Eukaryota,Opisthokonta,Metazoa,Nematoda,Enoplea,Enoplea_X,Prismatolaimus,Prismatolaimus_dolichurus,Otu110,b
394,Nematoda;Enoplea;Enoplea_X;Prismatolaimus;Prismatolaimus_intermedius,0.794828032,Eukaryota,Opisthokonta,Metazoa,Nematoda,Enoplea,Enoplea_X,Prismatolaimus,Prismatolaimus_intermedius,Otu35,b
395,Nematoda;Enoplea;Enoplea_X;Prismatolaimus;Prismatolaimus_intermedius,0.949779566,Eukaryota,Opisthokonta,Metazoa,Nematoda,Enoplea,Enoplea_X,Prismatolaimus,Prismatolaimus_intermedius,Otu12309,b
396,Nematoda;Enoplea;Enoplea_X;Pungentus;Pungentus_sp.,0.942238981,Eukaryota,Opisthokonta,Metazoa,Nematoda,Enoplea,Enoplea_X,Pungentus,Pungentus_sp.,Otu40,o
397,Nematoda;Enoplea;Enoplea_X;Solididens;Solididens_vulgaris,0.999998652,Eukaryota,Opisthokonta,Metazoa,Nematoda,Enoplea,Enoplea_X,Solididens,Solididens_vulgaris,Otu562,p
398,Nematoda;Enoplea;Enoplea_X;Thonus;Thonus_sp.,0.855539066,Eukaryota,Opisthokonta,Metazoa,Nematoda,Enoplea,Enoplea_X,Thonus,Thonus_sp.,Otu1839,o
399,Nematoda;Enoplea;Enoplea_X;Thonus;Thonus_sp.,0.834406906,Eukaryota,Opisthokonta,Metazoa,Nematoda,Enoplea,Enoplea_X,Thonus,Thonus_sp.,Otu278,o
400,Nematoda;Enoplea;Enoplea_X;Tripylina;,1,Eukaryota,Opisthokonta,Metazoa,Nematoda,Enoplea,Enoplea_X,Tripylina,,Otu877,p
401,Nematoda;Enoplea;Enoplea_X;Tylencholaimellus;Tylencholaimellus_affinis,0.789425972,Eukaryota,Opisthokonta,Metazoa,Nematoda,Enoplea,Enoplea_X,Tylencholaimellus,Tylencholaimellus_affinis,Otu3615,f
402,Nematoda;Enoplea;Enoplea_X;Tylencholaimus;,0.855360347,Eukaryota,Opisthokonta,Metazoa,Nematoda,Enoplea,Enoplea_X,Tylencholaimus,,Otu2897,f
403,Nematoda;Enoplea;Enoplea_X;Tylencholaimus;Tylencholaimus_mirabilis,0.76038753,Eukaryota,Opisthokonta,Metazoa,Nematoda,Enoplea,Enoplea_X,Tylencholaimus,Tylencholaimus_mirabilis,Otu3234,f
404,Nematoda;Enoplea;Enoplea_X;Tylencholaimus;Tylencholaimus_sp.,0.754332456,Eukaryota,Opisthokonta,Metazoa,Nematoda,Enoplea,Enoplea_X,Tylencholaimus,Tylencholaimus_sp.,Otu3873,f
405,Nematoda;Enoplea;Enoplea_X;Tylolaimophorus;Tylolaimophorus_minor,0.738388237,Eukaryota,Opisthokonta,Metazoa,Nematoda,Enoplea,Enoplea_X,Tylolaimophorus,Tylolaimophorus_minor,Otu7367,N
406,Nematoda;Enoplea;Enoplea_X;Tylolaimophorus;Tylolaimophorus_minor,0.999491634,Eukaryota,Opisthokonta,Metazoa,Nematoda,Enoplea,Enoplea_X,Tylolaimophorus,Tylolaimophorus_minor,Otu9525,N
407,Nematoda;Enoplea;Enoplea_X;Tylolaimophorus;Tylolaimophorus_typicus,0.872033631,Eukaryota,Opisthokonta,Metazoa,Nematoda,Enoplea,Enoplea_X,Tylolaimophorus,Tylolaimophorus_typicus,Otu94,f
408,Nematoda;Enoplea;Enoplea_X;UnclassifiedDorylaimidae;Dorylaimidae_sp.,0.702088458,Eukaryota,Opisthokonta,Metazoa,Nematoda,Enoplea,Enoplea_X,UnclassifiedDorylaimidae,Dorylaimidae_sp.,Otu5282,o
409,Nematoda;Enoplea;Enoplea_X;Xiphinema;,0.997829446,Eukaryota,Opisthokonta,Metazoa,Nematoda,Enoplea,Enoplea_X,Xiphinema,,Otu16,h
