,Kingdom,Phylum,Class,Order,Family,Genus,Species,Kingdom.Confidence,Phylum.Confidence,Class.Confidence,Order.Confidence,Family.Confidence,Genus.Confidence
493564de8deafaaca9b2ed27d2b6920b,Archaea,Crenarchaeota,Nitrososphaeria,Nitrososphaerales,Nitrososphaeraceae,NA,NA,1,1,1,1,1,1
c0c154e05660037ec3b4a48f7b790364,Archaea,Crenarchaeota,Nitrososphaeria,Nitrososphaerales,Nitrososphaeraceae,Candidatus_Nitrocosmicus,NA,1,1,1,1,1,0.68
646d5b9062b22a1e3a1ec1986a855f62,Archaea,Crenarchaeota,Nitrososphaeria,Nitrososphaerales,Nitrososphaeraceae,NA,NA,1,1,1,1,1,0.98
3be82cf832cada69d2385e3ae4d148a9,Archaea,Crenarchaeota,Nitrososphaeria,Nitrososphaerales,Nitrososphaeraceae,NA,NA,1,1,1,1,1,0.99
9d7af83a1e2fc91556d87b6865292a9a,Archaea,Crenarchaeota,Nitrososphaeria,Nitrososphaerales,Nitrososphaeraceae,NA,NA,1,1,1,1,1,1
7cfc4db5e6907cc0ca798828dfa8bf51,Archaea,Nanoarchaeota,Nanoarchaeia,Woesearchaeales,NA,NA,NA,0.98,0.73,0.73,0.73,0.34,0.34
23a112a9a135efefb7832a8891209e74,Archaea,Crenarchaeota,Nitrososphaeria,Nitrososphaerales,Nitrososphaeraceae,NA,NA,1,1,1,1,1,0.99
30663607798226a8669ca7c6e3deb903,Archaea,Crenarchaeota,Nitrososphaeria,Nitrososphaerales,Nitrososphaeraceae,Candidatus_Nitrososphaera,NA,1,1,1,1,1,1
7860130e7d02cabbef9dc43635bf2bf3,Archaea,Crenarchaeota,Nitrososphaeria,Nitrososphaerales,Nitrososphaeraceae,NA,NA,1,1,1,1,1,0.85
692d7ee2bb2bddb29ea7c71a17e961a2,Archaea,Crenarchaeota,Nitrososphaeria,Nitrosotaleales,Nitrosotaleaceae,Candidatus_Nitrosotalea,NA,1,1,0.99,0.82,0.82,0.73
03f210497c0c675e81fcbb852d4ce60e,Archaea,Crenarchaeota,Nitrososphaeria,Nitrososphaerales,Nitrososphaeraceae,Candidatus_Nitrososphaera,NA,1,1,1,1,1,1
d5db5b89d3757cfb56bacc6bd406cae8,Archaea,Crenarchaeota,Nitrososphaeria,Group_1.1c,NA,NA,NA,1,1,1,0.95,0.95,0.95
9ce7e3228fba0278f66c35105f9a1c6c,Archaea,Nanoarchaeota,Nanoarchaeia,Woesearchaeales,NA,NA,NA,0.96,0.78,0.78,0.77,0.38,0.38
79d7fab84f7fc95646fe8f9bc52a4088,Archaea,Crenarchaeota,Nitrososphaeria,Nitrososphaerales,Nitrososphaeraceae,Candidatus_Nitrososphaera,NA,1,1,1,1,1,0.95
5da2d45b0bbd06a8f6fbbce9633fa374,Archaea,Thermoplasmatota,NA,NA,NA,NA,NA,1,0.86,0.46,0.46,0.46,0.46
7aa38cec7f0ff0da1ec16c8883fd2fc2,Archaea,Nanoarchaeota,Nanoarchaeia,Woesearchaeales,NA,NA,NA,1,0.96,0.96,0.95,0.88,0.88
b8de2ca2510e7193c9b40c74e6eb2a0b,Archaea,Crenarchaeota,Nitrososphaeria,Nitrososphaerales,Nitrososphaeraceae,NA,NA,1,1,1,1,1,0.94
d73db7165b8f5daaafc14661fd5e514f,Archaea,Crenarchaeota,Nitrososphaeria,Nitrosotaleales,Nitrosotaleaceae,Candidatus_Nitrosotalea,NA,1,1,1,1,1,1
74a97f6c261a13abbb0b5a7e60c93b27,Archaea,Thermoplasmatota,NA,NA,NA,NA,NA,1,0.85,0.24,0.24,0.24,0.24
f718c55cbdf135388d262c8694259841,Archaea,Crenarchaeota,Nitrososphaeria,Nitrososphaerales,Nitrososphaeraceae,Candidatus_Nitrososphaera,NA,1,1,1,1,1,0.77
5408d9d7ea48760cc3958cd7f0e0e1e2,Archaea,Crenarchaeota,Nitrososphaeria,Nitrososphaerales,Nitrososphaeraceae,NA,NA,1,1,1,1,1,0.98
91b403bf28c846b3fed445f419768be0,Archaea,Crenarchaeota,Nitrososphaeria,Nitrososphaerales,Nitrososphaeraceae,NA,NA,1,1,1,1,1,0.95
ab31646347b1ad7f4325cf3d75d99b50,Archaea,Nanoarchaeota,Nanoarchaeia,Woesearchaeales,GW2011,AR15,NA,1,1,1,1,0.97,0.97
ea5e872f4f2c06c63d2221b3c78dded3,Archaea,Thermoplasmatota,Thermoplasmata,NA,NA,NA,NA,0.98,0.89,0.71,0.43,0.43,0.43
ea24b456e3da02423a1383712fc8ba19,Archaea,Nanoarchaeota,Nanoarchaeia,Woesearchaeales,NA,NA,NA,0.9,0.9,0.9,0.9,0.38,0.38
4108ed12719f89edc78c6ef5246c5625,Archaea,Crenarchaeota,Nitrososphaeria,Marine_Benthic_Group_A,NA,NA,NA,1,1,1,0.61,0.61,0.61
5ae18ef98de230850f2e0aa00ffad913,Archaea,Crenarchaeota,Nitrososphaeria,Nitrososphaerales,Nitrososphaeraceae,NA,NA,1,1,1,1,1,0.54
e487145a0664e0118c90d46597f1cc09,Archaea,Nanoarchaeota,Nanoarchaeia,Woesearchaeales,NA,NA,NA,0.91,0.76,0.76,0.76,0.69,0.69
5a57689f480a337f67b718a66c58c6c0,Archaea,Crenarchaeota,Nitrososphaeria,Nitrososphaerales,Nitrososphaeraceae,Candidatus_Nitrososphaera,NA,1,1,1,1,1,0.74
25a3bbb3b9422aa8140a93985ae467b5,Archaea,Crenarchaeota,Nitrososphaeria,Nitrososphaerales,Nitrososphaeraceae,NA,NA,1,1,1,1,1,0.67
1797dd00499cabae8df156ec4460309f,Archaea,Crenarchaeota,Nitrososphaeria,Nitrososphaerales,Nitrososphaeraceae,NA,NA,1,1,1,1,1,0.96
ec7664d1bdebe77416d7d3b6360be425,Archaea,Crenarchaeota,Nitrososphaeria,Nitrososphaerales,Nitrososphaeraceae,Candidatus_Nitrososphaera,NA,1,1,1,1,1,0.77
5af7c72c817ba99e2d4a8d1ffde7630a,Archaea,Nanoarchaeota,Nanoarchaeia,Woesearchaeales,NA,NA,NA,0.97,0.75,0.75,0.75,0.51,0.51
3067e409641b26763dbc89dd67374a80,Archaea,Nanoarchaeota,Nanoarchaeia,Woesearchaeales,NA,NA,NA,0.82,0.79,0.79,0.79,0.78,0.78
dcde1e8e65f73da67beb76bdc3a98fa5,Archaea,Crenarchaeota,Nitrososphaeria,Nitrososphaerales,Nitrososphaeraceae,NA,NA,1,1,1,1,1,1
588dc11b19dd0c86b9e33b182667cbdc,Archaea,Thermoplasmatota,NA,NA,NA,NA,NA,1,0.86,0.17,0.17,0.17,0.17
d7f271446f8e1bdedddf796cea8831b7,Archaea,Nanoarchaeota,Nanoarchaeia,Woesearchaeales,CG1-02-57-44,NA,NA,0.99,0.95,0.95,0.95,0.67,0.67
561a63fd5767c4f8ce72d35d0f91bc43,Archaea,Crenarchaeota,Nitrososphaeria,Nitrososphaerales,Nitrososphaeraceae,NA,NA,1,1,1,1,1,0.79
073bdf051c36b1911a28cc1d8b41ed15,Archaea,Crenarchaeota,Nitrososphaeria,Nitrososphaerales,Nitrososphaeraceae,NA,NA,1,1,1,1,1,0.56
80493d4c7a8e4b23db27f281d5250604,Archaea,Crenarchaeota,Nitrososphaeria,Nitrososphaerales,Nitrososphaeraceae,NA,NA,1,1,1,1,1,0.91
43095dd08c0e254c63ecd2c3273ae81e,Archaea,Thermoplasmatota,NA,NA,NA,NA,NA,0.86,0.69,0.49,0.29,0.2,0.2
a4a94cdd3d346794b7d40d700b0d426e,Archaea,Crenarchaeota,Nitrososphaeria,Nitrososphaerales,Nitrososphaeraceae,NA,NA,1,1,1,1,1,0.97
5aa15e3c8a991c4cd29be3683bc2306e,Archaea,Nanoarchaeota,Nanoarchaeia,Woesearchaeales,NA,NA,NA,0.96,0.83,0.83,0.83,0.66,0.66
895cd41c845ad3ad9995047c02f50ac3,Archaea,Thermoplasmatota,Thermoplasmata,NA,NA,NA,NA,0.98,0.81,0.79,0.36,0.15,0.15
829c30d56f6ff1155b84aa585ff6d0f8,Archaea,Thermoplasmatota,Thermoplasmata,NA,NA,NA,NA,0.98,0.83,0.67,0.32,0.32,0.32
f140b93ddbd29e6c331be311c88f8519,Archaea,Crenarchaeota,Nitrososphaeria,Nitrososphaerales,Nitrososphaeraceae,NA,NA,1,1,1,1,1,0.99
ea70f4036b09db7288e929e8b938e945,Archaea,Nanoarchaeota,Nanoarchaeia,Woesearchaeales,NA,NA,NA,0.94,0.85,0.85,0.85,0.8,0.8
540a8482f86ffaca907c0b0a4e24eebb,Archaea,Thermoplasmatota,Thermoplasmata,NA,NA,NA,NA,1,0.78,0.61,0.12,0.12,0.11
e9a45553d33a8b19ec6eaf32488426c9,Archaea,Crenarchaeota,Nitrososphaeria,Nitrososphaerales,Nitrososphaeraceae,NA,NA,1,1,1,1,1,0.89
519b938f2b33c1e5f011a12a2419074f,Archaea,Crenarchaeota,Nitrososphaeria,Nitrososphaerales,Nitrososphaeraceae,NA,NA,1,1,1,1,1,0.63
b6e028e29246156c45d06f069c1f2f80,Archaea,Nanoarchaeota,Nanoarchaeia,Woesearchaeales,NA,NA,NA,0.99,0.95,0.95,0.95,0.95,0.95
f5bf95453f067053403679c792c5bae6,Archaea,Crenarchaeota,Nitrososphaeria,Nitrososphaerales,Nitrososphaeraceae,NA,NA,1,1,1,1,1,0.71
76f31879645a76f9db8ad3a0a9541d04,Archaea,Nanoarchaeota,Nanoarchaeia,Woesearchaeales,NA,NA,NA,1,0.93,0.93,0.93,0.58,0.58
260ca9c728ca2a8c6ab1870e80e23fca,Archaea,Euryarchaeota,Methanobacteria,Methanobacteriales,Methanothermobacteriaceae,Methanothermobacter,NA,1,1,1,1,1,1
5fa14015ff553528c0ce09de4f8a7db2,Archaea,Thermoplasmatota,Thermoplasmata,NA,NA,NA,NA,0.92,0.85,0.67,0.37,0.37,0.37
8a9a082c5a4d007f78166de80da95975,Archaea,Nanoarchaeota,Nanoarchaeia,Woesearchaeales,NA,NA,NA,0.97,0.92,0.92,0.92,0.77,0.77
00edb9eba9c8c85cc38cf02811e0edef,Archaea,Thermoplasmatota,Thermoplasmata,Marine_Benthic_Group_D_and_DHVEG-1,NA,NA,NA,0.99,0.94,0.81,0.66,0.66,0.66
817aaf91b23d761a5a37eb00cf2125bb,Archaea,Crenarchaeota,Nitrososphaeria,Group_1.1c,NA,NA,NA,1,1,1,1,1,1
cab1bc955caff1034b633bf8ff6ab128,Archaea,Crenarchaeota,Nitrososphaeria,Nitrososphaerales,Nitrososphaeraceae,NA,NA,1,1,1,1,1,0.5
c3a5e2566051d8a2932dae494cc47219,Archaea,Crenarchaeota,Nitrososphaeria,Nitrososphaerales,Nitrososphaeraceae,NA,NA,1,1,1,1,1,1
4bb0db10d6dfd21b9bcdb347b42b5e17,Archaea,Thermoplasmatota,Thermoplasmata,NA,NA,NA,NA,0.93,0.77,0.65,0.31,0.19,0.19
91813420cdd7a7d9ed1679ccfc2babe8,Archaea,Nanoarchaeota,Nanoarchaeia,Woesearchaeales,NA,NA,NA,1,0.88,0.88,0.88,0.88,0.88
d512a45ac9db68bcd059dcdafaf0a861,Archaea,Nanoarchaeota,Nanoarchaeia,Woesearchaeales,NA,NA,NA,0.95,0.92,0.92,0.92,0.87,0.87
f42b8ae267e52895f042ab6ef756ac82,Archaea,Thermoplasmatota,NA,NA,NA,NA,NA,0.99,0.74,0.21,0.21,0.21,0.21
d3f28a01c92ccca11a72f2b21c6279c8,Archaea,Nanoarchaeota,Nanoarchaeia,Woesearchaeales,NA,NA,NA,0.97,0.82,0.82,0.81,0.68,0.68
f8b5ee61987f11fa1d278f9e14a9e070,Archaea,Nanoarchaeota,Nanoarchaeia,Woesearchaeales,NA,NA,NA,0.91,0.61,0.61,0.59,0.33,0.33
6b3a562844fc5f7c307c3b59f607bdac,Archaea,Thermoplasmatota,Thermoplasmata,NA,NA,NA,NA,0.99,0.97,0.84,0.64,0.64,0.64
0165ded44fec94faadf0720f09d7c331,Archaea,Thermoplasmatota,NA,NA,NA,NA,NA,1,0.78,0.24,0.24,0.24,0.24
903c7a47a02f2dfdab13c94cd79da873,Archaea,Thermoplasmatota,NA,NA,NA,NA,NA,0.96,0.78,0.46,0.46,0.46,0.46
e37e9a3ab89128915b5b75a1e4732949,Archaea,Crenarchaeota,Nitrososphaeria,Nitrososphaerales,Nitrososphaeraceae,NA,NA,1,1,1,1,1,0.96
77a61553186e778259b3015a88fdc4a2,Archaea,Euryarchaeota,Methanobacteria,Methanobacteriales,Methanobacteriaceae,Methanobrevibacter,NA,1,1,1,1,1,1
9cbe3fd02e553add171cdd690b2eae7c,Archaea,Thermoplasmatota,NA,NA,NA,NA,NA,0.99,0.78,0.2,0.2,0.2,0.2
035ba59d166ac1807aee0471101ed085,Archaea,Nanoarchaeota,Nanoarchaeia,Woesearchaeales,NA,NA,NA,0.99,0.91,0.91,0.91,0.48,0.48
4ff6dfc227e1fadf3a44d1ba3f31c6c0,Archaea,Nanoarchaeota,Nanoarchaeia,Woesearchaeales,NA,NA,NA,0.95,0.74,0.74,0.74,0.58,0.58
69fdc728baba2b51d4b962a7641575fd,Archaea,Crenarchaeota,Nitrososphaeria,Nitrosotaleales,Nitrosotaleaceae,Candidatus_Nitrosotalea,NA,1,1,1,0.75,0.75,0.63
7899017fc84a72afe6316e7de9bca7e8,Archaea,Crenarchaeota,Nitrososphaeria,Nitrososphaerales,Nitrososphaeraceae,NA,NA,1,1,1,1,1,0.8
fe1afff4634b4de9b26380e9f3c93dfa,Archaea,Nanoarchaeota,Nanoarchaeia,Woesearchaeales,GW2011_GWC1_47_15,NA,NA,0.99,0.98,0.98,0.98,0.87,0.87
db14dcb3065974bc3becfef764ff43c6,Archaea,Nanoarchaeota,Nanoarchaeia,Woesearchaeales,NA,NA,NA,0.96,0.72,0.72,0.72,0.65,0.65
76e681861d9acf379509898ba112846e,Archaea,Nanoarchaeota,Nanoarchaeia,Woesearchaeales,GW2011_GWC1_47_15,NA,NA,0.98,0.98,0.98,0.98,0.92,0.92
821891c461dfcdb4ea2e51a9b16e59b6,Archaea,Crenarchaeota,Nitrososphaeria,Nitrososphaerales,Nitrososphaeraceae,Candidatus_Nitrososphaera,NA,1,1,1,1,1,0.85
fa25e69d40b30c2c02580224421e5974,Archaea,Nanoarchaeota,Nanoarchaeia,Woesearchaeales,GW2011_GWC1_47_15,NA,NA,0.98,0.97,0.97,0.97,0.84,0.84
f5e0c96df901a03dd4d083c983219c82,Archaea,Crenarchaeota,Nitrososphaeria,Nitrososphaerales,Nitrososphaeraceae,Candidatus_Nitrososphaera,NA,1,1,1,1,1,0.78
997daee4cc47a88bb4885e19f6236849,Archaea,Nanoarchaeota,Nanoarchaeia,Woesearchaeales,NA,NA,NA,0.96,0.84,0.84,0.83,0.7,0.7
0f0afd3783886d2df3542445140fac2e,Archaea,Crenarchaeota,Nitrososphaeria,Nitrosopumilales,Nitrosopumilaceae,Cenarchaeum,NA,1,1,1,1,1,0.88
c9c20dc28ca57dae0915a22368d34d58,Archaea,NA,NA,NA,NA,NA,NA,0.82,0.15,0.15,0.15,0.14,0.14
61bbd589696146657d369616e13f98ce,Archaea,Thermoplasmatota,Thermoplasmatota_cl,Thermoplasmatota_or,Thermoplasmatota_fa,NA,NA,0.97,0.85,0.59,0.59,0.59,0.59
be3300f0c2433f9fb250833124ec2ad5,Archaea,Crenarchaeota,Nitrososphaeria,Nitrososphaerales,Nitrososphaeraceae,Candidatus_Nitrososphaera,NA,1,1,1,1,1,1
48c7e3ab1449c4d26c6508651390481c,Archaea,Nanoarchaeota,Nanoarchaeia,Woesearchaeales,GW2011_GWC1_47_15,NA,NA,0.92,0.88,0.88,0.88,0.75,0.75
0521f4f0cdd28727fa731b41e4f70b09,Archaea,Euryarchaeota,Methanobacteria,Methanobacteriales,Methanobacteriaceae,Methanobacterium,NA,1,1,1,1,1,1
88fa18eeb8d0cc5a0aec2b3ddbf61b1f,Archaea,Nanoarchaeota,Nanoarchaeia,Woesearchaeales,NA,NA,NA,0.94,0.82,0.82,0.81,0.63,0.63
5d83ccd708f4be59b1eeeed5998649fa,Archaea,Euryarchaeota,Thermococci,Methanofastidiosales,Methanofastidiosaceae,Candidatus_Methanofastidiosum,NA,1,1,1,1,1,1
3a68453e999d51c9c61caeb3a2c46033,Archaea,Thermoplasmatota,Thermoplasmata,NA,NA,NA,NA,0.99,0.78,0.66,0.27,0.27,0.27
31b4313a50621a06a35dfe0092e44926,Archaea,Thermoplasmatota,Thermoplasmata,Methanomassiliicoccales,NA,NA,NA,0.96,0.81,0.66,0.53,0.28,0.26
1bb8fe9c8b0d47ebc961c7731bd5ee24,Archaea,Crenarchaeota,Nitrososphaeria,Nitrososphaerales,Nitrososphaeraceae,NA,NA,1,1,1,1,1,0.77
3a38a30b5775ecd9486a6a28f89a8b61,Archaea,Crenarchaeota,Nitrososphaeria,NA,NA,NA,NA,1,1,1,0.48,0.48,0.48
b9c094f228942c0d2231e6edb88c88d0,Archaea,Crenarchaeota,Nitrososphaeria,Nitrososphaerales,Nitrososphaeraceae,NA,NA,1,1,1,1,1,0.67
361ec473c3fd600624d9b8123fb4c401,Archaea,Nanoarchaeota,Nanoarchaeia,Woesearchaeales,GW2011_GWC1_47_15,NA,NA,1,1,1,1,0.93,0.93
a2a8f5925a8cf1f9438cbeec6150f076,Archaea,Nanoarchaeota,Nanoarchaeia,Woesearchaeales,NA,NA,NA,0.95,0.75,0.75,0.75,0.46,0.46
1575a7efbedc6d57b82497642820cc42,Archaea,Crenarchaeota,Nitrososphaeria,Nitrososphaerales,Nitrososphaeraceae,NA,NA,1,1,1,1,1,1
b37f8b98724a007882cb3b19f111a2c2,Archaea,Nanoarchaeota,Nanoarchaeia,Woesearchaeales,NA,NA,NA,0.94,0.7,0.7,0.7,0.63,0.63
15d6e3b113a418b065a2fdbdbe6ddbfc,Archaea,Nanoarchaeota,Nanoarchaeia,Woesearchaeales,GW2011_GWC1_47_15,NA,NA,0.96,0.96,0.96,0.96,0.86,0.86
7661521648b0cb69cfa1b8f27eae5892,Archaea,Nanoarchaeota,Nanoarchaeia,Woesearchaeales,NA,NA,NA,0.99,0.87,0.87,0.87,0.82,0.82
7f32d3cdf062e5c3bb1d1e1df2122e53,Archaea,Euryarchaeota,Methanobacteria,Methanobacteriales,Methanobacteriaceae,Methanobacterium,NA,1,1,1,1,1,1
b1f3e5ee4996b17e174d1c37399992cc,Archaea,Thermoplasmatota,NA,NA,NA,NA,NA,1,0.97,0.42,0.42,0.42,0.42
c2ab9476ba965dbd95d66e3d4fb9d790,Archaea,Nanoarchaeota,Nanoarchaeia,Woesearchaeales,NA,NA,NA,1,0.9,0.9,0.9,0.67,0.67
650b443316bacdaa1451231f01779381,Archaea,Crenarchaeota,Nitrososphaeria,Nitrososphaerales,Nitrososphaeraceae,Candidatus_Nitrososphaera,NA,1,1,1,1,1,0.74
ee91817bd6bc1a95cc56a52545ba1cc8,Archaea,Nanoarchaeota,Nanoarchaeia,Woesearchaeales,NA,NA,NA,1,0.99,0.99,0.99,0.96,0.96
a972bf057250673cb7fa7161bf9bdd86,Archaea,Thermoplasmatota,Thermoplasmata,NA,NA,NA,NA,0.89,0.78,0.69,0.46,0.28,0.24
705ae2b0c2f287f6d1d590a71560368f,Archaea,Nanoarchaeota,Nanoarchaeia,Woesearchaeales,NA,NA,NA,0.95,0.72,0.72,0.72,0.51,0.51
9fe31ed2788dd396fd648b9c4b0053fb,Archaea,Nanoarchaeota,Nanoarchaeia,Woesearchaeales,NA,NA,NA,1,0.97,0.97,0.97,0.77,0.77
94c3112c1a8c28e49cd1685b9fa48971,Archaea,Nanoarchaeota,Nanoarchaeia,Woesearchaeales,NA,NA,NA,0.98,0.64,0.64,0.64,0.53,0.53
85f1b9eb707d818c4662943c75bf25b3,Archaea,Crenarchaeota,Nitrososphaeria,Nitrososphaerales,Nitrososphaeraceae,NA,NA,1,1,1,1,1,0.91
d71acb9bbc5169183754f8e5e7888646,Archaea,NA,NA,NA,NA,NA,NA,0.91,0.45,0.45,0.45,0.45,0.45
c01fd7985acf0a7a2dff561717ca688b,Archaea,Thermoplasmatota,Thermoplasmata,NA,NA,NA,NA,0.99,0.69,0.53,0.24,0.24,0.24
fa6895cfbd528f7c4a94dac39f86c27f,Archaea,Thermoplasmatota,Thermoplasmata,NA,NA,NA,NA,1,0.87,0.77,0.3,0.3,0.3
5c7588c8f5ab38fa069de0f1992c742a,Archaea,Nanoarchaeota,Nanoarchaeia,Woesearchaeales,NA,NA,NA,0.99,0.94,0.94,0.93,0.73,0.73
73fe05137deb6dd8f8fa6a7ec909a7bd,Archaea,Nanoarchaeota,Nanoarchaeia,Woesearchaeales,NA,NA,NA,0.83,0.73,0.73,0.73,0.6,0.6
eca044b5c7fdacd478d1c5146433955d,Archaea,Thermoplasmatota,Thermoplasmata,Methanomassiliicoccales,Methanomethylophilaceae,NA,NA,1,1,1,1,1,0.73
6d3977391685adf1e75fad557b6f53c1,Archaea,Nanoarchaeota,Nanoarchaeia,Woesearchaeales,NA,NA,NA,0.99,0.94,0.94,0.94,0.89,0.89
a18e0750ad991253f0060e97cfdbe02c,Archaea,Nanoarchaeota,Nanoarchaeia,Woesearchaeales,GW2011_GWC1_47_15,NA,NA,0.99,0.94,0.94,0.94,0.81,0.81
40b59900ad73ebac6898583ac6c7248a,Archaea,Nanoarchaeota,Nanoarchaeia,Woesearchaeales,NA,NA,NA,1,0.99,0.99,0.99,0.74,0.74
5e3e273d3a44d4f9a9382e94aa5ff52e,Archaea,Nanoarchaeota,Nanoarchaeia,Woesearchaeales,GW2011_GWC1_47_15,NA,NA,0.96,0.96,0.96,0.96,0.72,0.72
3d3ce9416e789a5be62801db18d6e66e,Archaea,Crenarchaeota,Nitrososphaeria,Group_1.1c,NA,NA,NA,1,1,1,0.92,0.92,0.92
b2889bbbc89b469609e15165c17b0af0,Archaea,Nanoarchaeota,Nanoarchaeia,Woesearchaeales,NA,NA,NA,1,0.99,0.99,0.99,0.62,0.62
0429ca57c0ecf654417a9565a8ca6cb8,Archaea,Nanoarchaeota,Nanoarchaeia,Woesearchaeales,NA,NA,NA,0.93,0.52,0.52,0.52,0.46,0.46
495b95d9bb51a87ad60ca3f1194fcf79,Archaea,Crenarchaeota,Nitrososphaeria,Group_1.1c,NA,NA,NA,1,1,1,0.53,0.53,0.53
5011964cd46c1a745563b43af22171ff,Archaea,Nanoarchaeota,Nanoarchaeia,Woesearchaeales,GW2011_GWC1_47_15,NA,NA,0.99,0.99,0.99,0.99,0.98,0.98
ce000d8a234fc40707a94e5f534a2ff7,Archaea,Nanoarchaeota,Nanoarchaeia,Woesearchaeales,NA,NA,NA,0.92,0.88,0.88,0.88,0.8,0.8
73f908229937a8241230d41fed382e05,Archaea,Crenarchaeota,Nitrososphaeria,Nitrososphaerales,Nitrososphaeraceae,NA,NA,1,1,1,1,1,0.61
788d6b6eb165a40cf29c1549100ce77a,Archaea,Nanoarchaeota,Nanoarchaeia,Woesearchaeales,GW2011_GWC1_47_15,NA,NA,1,1,1,1,0.81,0.81
c1737869382b11b284e9beed50e1be6d,Archaea,Nanoarchaeota,Nanoarchaeia,Woesearchaeales,NA,NA,NA,0.96,0.84,0.84,0.84,0.73,0.73
2e30c5882d545743065fb548262a8692,Archaea,Nanoarchaeota,Nanoarchaeia,Woesearchaeales,NA,NA,NA,0.98,0.78,0.78,0.78,0.69,0.69
ff822a6f551ef95dc91f291689ff613f,Archaea,Nanoarchaeota,Nanoarchaeia,Woesearchaeales,NA,NA,NA,0.98,0.88,0.88,0.88,0.64,0.64
a843203c9c0852b053b7fc88e00f655d,Archaea,Nanoarchaeota,Nanoarchaeia,Woesearchaeales,NA,NA,NA,0.99,0.9,0.9,0.9,0.85,0.85
813deb0a7a81555746b2f079414c0a08,Archaea,Thermoplasmatota,Thermoplasmatota_cl,Thermoplasmatota_or,Thermoplasmatota_fa,NA,NA,0.98,0.92,0.56,0.56,0.56,0.56
25f1cc3d03a39eae020ed5a1c1fd3ade,Archaea,Euryarchaeota,Methanobacteria,Methanobacteriales,Methanobacteriaceae,Methanobrevibacter,NA,1,1,1,1,1,1
953311b95639ab11a4f64c856bf98b29,Archaea,Crenarchaeota,Nitrososphaeria,Nitrosopumilales,Nitrosopumilaceae,Nitrosarchaeum,NA,1,1,1,1,1,1
bad3f83954a66d1f06a940dfdcea92f3,Archaea,Nanoarchaeota,Nanoarchaeia,Woesearchaeales,GW2011_GWC1_47_15,NA,NA,0.85,0.77,0.77,0.77,0.57,0.57
63c5fbdf370b13d1d7d7a010663ef155,Archaea,Thermoplasmatota,Thermoplasmata,NA,NA,NA,NA,0.95,0.76,0.63,0.2,0.2,0.2
db5b46af5fe5d15d89dc5f52fceda1f4,Archaea,Thermoplasmatota,Thermoplasmata,NA,NA,NA,NA,0.92,0.8,0.64,0.44,0.28,0.25
5d76c7185568185925e7ec0072ccbde2,Archaea,Nanoarchaeota,Nanoarchaeia,Woesearchaeales,NA,NA,NA,0.99,0.99,0.99,0.99,0.46,0.46
75c64840e5e0553847ce8a3cc8f9166f,Archaea,Nanoarchaeota,Nanoarchaeia,Woesearchaeales,NA,NA,NA,1,0.99,0.99,0.99,0.99,0.99
25dfd8f2c806c9572a5a970f1800cb05,Archaea,Nanoarchaeota,Nanoarchaeia,Woesearchaeales,NA,NA,NA,0.98,0.75,0.75,0.75,0.56,0.56
4c6d31aeee51fed1a9f2684590367da7,Archaea,Nanoarchaeota,Nanoarchaeia,Woesearchaeales,NA,NA,NA,0.92,0.81,0.81,0.81,0.47,0.47
509d54b648b177d2a582d6cf08e12014,Archaea,Crenarchaeota,Nitrososphaeria,Nitrosopumilales,Nitrosopumilaceae,Candidatus_Nitrosotenuis,NA,1,1,1,1,1,1
d5ac5918f27d929819d1983629d199be,Archaea,Crenarchaeota,Nitrososphaeria,Nitrososphaerales,Nitrososphaeraceae,NA,NA,1,1,1,1,1,0.87
a8d93d157d64cb61768428aca0b40cfb,Archaea,Euryarchaeota,Methanobacteria,Methanobacteriales,Methanobacteriaceae,Methanobacterium,NA,1,1,1,1,1,0.53
db9b6fc13e0887a3e821c33718a62f5f,Archaea,Thermoplasmatota,NA,NA,NA,NA,NA,0.99,0.51,0.15,0.15,0.15,0.15
b3b27c6df89a493b3dd428c2ff20d847,Archaea,Nanoarchaeota,Nanoarchaeia,Woesearchaeales,NA,NA,NA,0.98,0.91,0.91,0.91,0.58,0.58
8d88044aabdb963b7e0c507f2ef0b78c,Archaea,Nanoarchaeota,Nanoarchaeia,Woesearchaeales,NA,NA,NA,0.87,0.7,0.7,0.7,0.58,0.58
da3852280493a8ad9da60d160332d91c,Archaea,Crenarchaeota,Nitrososphaeria,Nitrososphaerales,Nitrososphaeraceae,NA,NA,1,1,1,1,1,1
ac7fbe496bdb50982a9fd006097098d1,Archaea,Euryarchaeota,Methanobacteria,Methanobacteriales,Methanobacteriaceae,Methanobacterium,NA,1,1,1,1,0.99,0.99
8a2aeb16113d25c9f7b6e667be61904b,Archaea,Crenarchaeota,Nitrososphaeria,Nitrososphaerales,Nitrososphaeraceae,NA,NA,1,1,1,1,1,0.65
d8bca9d28bde7455140faf4021644a93,Archaea,Nanoarchaeota,Nanoarchaeia,Woesearchaeales,NA,NA,NA,0.95,0.75,0.75,0.75,0.68,0.68
1a21c0eeadc1bb9266ecc31cb7b3b99d,Archaea,Nanoarchaeota,Nanoarchaeia,Woesearchaeales,GW2011_GWC1_47_15,NA,NA,0.89,0.87,0.87,0.87,0.55,0.55
386a618204def0cf8de6a4a256f2bb97,Archaea,Euryarchaeota,Methanobacteria,Methanobacteriales,Methanobacteriaceae,Methanobrevibacter,NA,1,1,1,1,1,1
f2b9b9f6317ec16cd4d0cc0a5d644e0b,Archaea,Nanoarchaeota,Nanoarchaeia,Woesearchaeales,NA,NA,NA,0.99,0.65,0.65,0.64,0.55,0.55
edf771ba00c615d48f7d6aa2bb3308f5,Archaea,Euryarchaeota,Methanobacteria,Methanobacteriales,Methanobacteriaceae,Methanobrevibacter,NA,1,1,1,1,1,0.99
4b03c10a1d1284617f00242a6791bd87,Archaea,Crenarchaeota,Nitrososphaeria,Nitrososphaerales,Nitrososphaeraceae,NA,NA,1,1,1,1,1,0.98
60eb332c2123c63eaa95d715fc07ffb0,Archaea,Nanoarchaeota,Nanoarchaeia,Woesearchaeales,NA,NA,NA,0.99,0.87,0.87,0.87,0.6,0.6
6e4df27b43a519904d1a955344a8a6c2,Archaea,Thermoplasmatota,Thermoplasmata,NA,NA,NA,NA,0.99,0.97,0.9,0.72,0.72,0.72
979425b321535c13469d433f17eb4608,Archaea,Nanoarchaeota,Nanoarchaeia,Woesearchaeales,NA,NA,NA,0.99,0.94,0.94,0.94,0.94,0.94
9a8802310d01e6c14f46cb12f72207d5,Archaea,Nanoarchaeota,Nanoarchaeia,Woesearchaeales,NA,NA,NA,0.82,0.53,0.53,0.53,0.4,0.4
66889b2c6766d42b8881289df47a53f4,Archaea,Thermoplasmatota,Thermoplasmata,NA,NA,NA,NA,1,0.66,0.54,0.08,0.08,0.08
ea4304fa1c4ff3747bc00bde8b4509f5,Archaea,Thermoplasmatota,NA,NA,NA,NA,NA,1,0.94,0.44,0.44,0.44,0.44
b196ad7c3eca48b75e5f379ec45ebdf0,Archaea,Crenarchaeota,Nitrososphaeria,Nitrososphaerales,Nitrososphaeraceae,NA,NA,1,1,1,1,1,0.98
567966b5400028ae7df96eb829f1a990,Archaea,Thermoplasmatota,Thermoplasmata,NA,NA,NA,NA,0.97,0.71,0.56,0.36,0.14,0.12
37a7c712de4b3726642460aad61638f3,Archaea,Nanoarchaeota,Nanoarchaeia,Woesearchaeales,NA,NA,NA,0.97,0.96,0.96,0.96,0.77,0.77
c3fa8f49d49f424dd1a19e2cfe2338bb,Archaea,Nanoarchaeota,Nanoarchaeia,Woesearchaeales,NA,NA,NA,0.88,0.68,0.68,0.68,0.29,0.19
b802683153801d7eea651a3e6ef82fa0,Archaea,Nanoarchaeota,Nanoarchaeia,Woesearchaeales,GW2011_GWC1_47_15,NA,NA,0.93,0.93,0.93,0.93,0.81,0.81
f200e01d7f3427e2bafaf380ce9a8106,Archaea,Thermoplasmatota,Thermoplasmata,NA,NA,NA,NA,0.91,0.66,0.59,0.27,0.15,0.15
e797f39a4097d97a88f8acfbfb662fd0,Archaea,Nanoarchaeota,Nanoarchaeia,Woesearchaeales,NA,NA,NA,0.87,0.76,0.76,0.76,0.58,0.58
42887ced57c6e518a7edfa9b5e3a8864,Archaea,Nanoarchaeota,Nanoarchaeia,Woesearchaeales,NA,NA,NA,0.97,0.96,0.96,0.96,0.9,0.9
eae423b197ce45d1a6dc97cd8d1b70fd,Archaea,Nanoarchaeota,Nanoarchaeia,Woesearchaeales,GW2011_GWC1_47_15,NA,NA,1,1,1,1,0.89,0.89
6c22104c27c6977a9975d536e2b76a37,Archaea,Nanoarchaeota,Nanoarchaeia,Woesearchaeales,GW2011_GWC1_47_15,NA,NA,1,1,1,1,0.65,0.65
4cac7cfdae3170352e35098932f4a7b3,Archaea,Nanoarchaeota,Nanoarchaeia,Woesearchaeales,GW2011_GWC1_47_15,NA,NA,1,1,1,1,0.95,0.95
eb452bfd371f80395dbf82d27a59e3d0,Archaea,Nanoarchaeota,Nanoarchaeia,Woesearchaeales,NA,NA,NA,0.98,0.96,0.96,0.96,0.91,0.91
2dc7302be56d1f51a410d8741e6d9f06,Archaea,Euryarchaeota,Methanobacteria,Methanobacteriales,Methanobacteriaceae,Methanosphaera,NA,1,1,1,1,1,1
3fd51405d85186a9c03b6d65765e9e33,Archaea,Nanoarchaeota,Nanoarchaeia,Woesearchaeales,NA,NA,NA,0.97,0.93,0.93,0.93,0.8,0.8
b4839bacf9f0f7b6594084eb16719d89,Archaea,Nanoarchaeota,Nanoarchaeia,Woesearchaeales,NA,NA,NA,1,0.99,0.99,0.99,0.92,0.92
e6ccdf6ed504420a9de8bbc48958d15b,Archaea,Nanoarchaeota,Nanoarchaeia,Woesearchaeales,NA,NA,NA,0.97,0.95,0.95,0.95,0.77,0.77
31430206310b6d35575fcceaf8be91fc,Archaea,Nanoarchaeota,Nanoarchaeia,Woesearchaeales,NA,NA,NA,0.98,0.96,0.96,0.96,0.78,0.78
d31ef36f2440ca63254063e03e6ed4ad,Archaea,Nanoarchaeota,Nanoarchaeia,Woesearchaeales,NA,NA,NA,0.82,0.75,0.75,0.75,0.55,0.55
a5965b4e00b24ac8a20fa0d9ec047098,Archaea,Nanoarchaeota,Nanoarchaeia,Woesearchaeales,NA,NA,NA,0.99,0.97,0.97,0.97,0.96,0.96
761531112126e27fad772b4a64e393fd,Archaea,Nanoarchaeota,Nanoarchaeia,Woesearchaeales,NA,NA,NA,0.97,0.96,0.96,0.96,0.94,0.94
32693808306708a257d8ab78886acb74,Archaea,Nanoarchaeota,Nanoarchaeia,Woesearchaeales,GW2011_GWC1_47_15,NA,NA,1,1,1,1,0.78,0.78
e3f19e21b7d985f98b9813730188cf04,Archaea,Micrarchaeota,Micrarchaeia,Micrarchaeales,CG1-02-32-21,NA,NA,0.86,0.65,0.65,0.65,0.58,0.58
cc7dc0eed0102c79875e33f696a3ba55,Archaea,Nanoarchaeota,Nanoarchaeia,Woesearchaeales,NA,NA,NA,0.88,0.83,0.83,0.83,0.43,0.43
65f8c51c5579d56d8546480f2f4f96aa,Archaea,Nanoarchaeota,Nanoarchaeia,Woesearchaeales,GW2011_GWC1_47_15,NA,NA,0.99,0.99,0.99,0.99,0.79,0.79
78e56424000bd90fc1e8fd3a07ea9ba0,Archaea,Euryarchaeota,Methanobacteria,Methanobacteriales,Methanobacteriaceae,Methanobacterium,NA,1,1,1,1,1,1
5cdd203dc9e3fa2902b0e52ea8fb3741,Archaea,Nanoarchaeota,Nanoarchaeia,Woesearchaeales,NA,NA,NA,0.96,0.88,0.88,0.88,0.71,0.71
174d63e1870137c651673de532eae6b8,Archaea,Nanoarchaeota,Nanoarchaeia,Woesearchaeales,GW2011_GWC1_47_15,NA,NA,0.97,0.96,0.96,0.96,0.84,0.84
75b94325d8b188369246a6feaa5df1dc,Archaea,Nanoarchaeota,Nanoarchaeia,Woesearchaeales,NA,NA,NA,0.93,0.71,0.71,0.71,0.65,0.65
da0bc22db02dad261cd5c48b0d7429de,Archaea,Nanoarchaeota,Nanoarchaeia,Woesearchaeales,NA,NA,NA,0.94,0.75,0.75,0.75,0.66,0.66
120147457b5be22bc3e787d1d3fc245e,Archaea,Nanoarchaeota,Nanoarchaeia,Woesearchaeales,NA,NA,NA,1,1,1,1,0.99,0.99
ca752d61632a5bf2e3a6cce20ada33bb,Archaea,Crenarchaeota,Nitrososphaeria,Group_1.1c,NA,NA,NA,1,1,1,0.7,0.7,0.7
befea3e60feef26d06b9a51daffb13bc,Archaea,Nanoarchaeota,Nanoarchaeia,Woesearchaeales,GW2011_GWC1_47_15,NA,NA,0.99,0.99,0.99,0.99,0.96,0.96
fa10e6c79a804eeda7e558006a9d2a1f,Archaea,Thermoplasmatota,Thermoplasmata,Marine_Benthic_Group_D_and_DHVEG-1,NA,NA,NA,1,1,1,1,1,1
b5fb363d8923cfcbe1174110b892825c,Archaea,Nanoarchaeota,Nanoarchaeia,Woesearchaeales,NA,NA,NA,0.98,0.92,0.92,0.92,0.89,0.89
40fbe768972fd2f4678ce698f60c344f,Archaea,Nanoarchaeota,Nanoarchaeia,Woesearchaeales,GW2011_GWC1_47_15,NA,NA,1,1,1,1,0.93,0.93
99093f5ec9269e0cbd7ab5714f048e5c,Archaea,Crenarchaeota,NA,NA,NA,NA,NA,0.89,0.75,0.31,0.31,0.31,0.31
42630332816d3e4d9d573422ae94d067,Archaea,Euryarchaeota,Methanobacteria,Methanobacteriales,Methanobacteriaceae,Methanobacterium,NA,1,1,1,1,1,1
263e2a241b1b1b7035fae28bd74229b7,Archaea,Nanoarchaeota,Nanoarchaeia,Woesearchaeales,NA,NA,NA,0.83,0.77,0.77,0.77,0.51,0.51
4618d42af4b61ef322d9cc260f34b51c,Archaea,Nanoarchaeota,Nanoarchaeia,Woesearchaeales,GW2011_GWC1_47_15,NA,NA,0.98,0.9,0.9,0.9,0.82,0.82
b64139b6f9d9879beda45492aeef8ad1,Archaea,Nanoarchaeota,Nanoarchaeia,Woesearchaeales,NA,NA,NA,0.96,0.91,0.91,0.91,0.85,0.85
2cf35696506ffeef611b33de5c698f85,Archaea,Nanoarchaeota,Nanoarchaeia,Woesearchaeales,NA,NA,NA,0.98,0.87,0.87,0.87,0.8,0.8
24524a3d6bf62d97f9251f1a4ae849d4,Archaea,Thermoplasmatota,NA,NA,NA,NA,NA,0.99,0.76,0.19,0.19,0.19,0.19
f64bd537254db55c8c541c74f2f98ebe,Archaea,Nanoarchaeota,Nanoarchaeia,Woesearchaeales,NA,NA,NA,0.97,0.88,0.88,0.88,0.82,0.82
2520c72abe4905d30984d27e2242ca86,Archaea,Thermoplasmatota,NA,NA,NA,NA,NA,1,0.84,0.38,0.38,0.38,0.38
4a898167cb33973f254420a12019cec8,Archaea,NA,NA,NA,NA,NA,NA,0.81,0.35,0.18,0.12,0.12,0.12
fcbce1c6673c13d1b2573faeb0d1b189,Archaea,Nanoarchaeota,Nanoarchaeia,Woesearchaeales,NA,NA,NA,0.95,0.85,0.85,0.85,0.85,0.85
cc9449e6a9da1f04d7864080e384efa8,Archaea,Crenarchaeota,Nitrososphaeria,NA,NA,NA,NA,1,1,1,0.44,0.44,0.44
a36722b37f40ba50964ee6caa107b28d,Archaea,Thermoplasmatota,NA,NA,NA,NA,NA,0.99,0.68,0.17,0.17,0.17,0.17
7a484bc2cf0b45f38800a4f839bfb86b,Archaea,Nanoarchaeota,Nanoarchaeia,Woesearchaeales,NA,NA,NA,1,1,1,1,0.97,0.97
f2508e1d2efa9745b2db4a2305712bee,Archaea,Crenarchaeota,Nitrososphaeria,Nitrososphaerales,Nitrososphaeraceae,Candidatus_Nitrocosmicus,NA,1,1,1,1,1,1
777251d3e78405e40de8dd3bc5a7582b,Archaea,Crenarchaeota,Bathyarchaeia,NA,NA,NA,NA,1,1,1,1,1,1
cbef336554d0dac7599bdf6f2ee1d732,Archaea,Nanoarchaeota,Nanoarchaeia,Woesearchaeales,NA,NA,NA,0.97,0.9,0.9,0.9,0.85,0.85
e16f664229b072166d50d9b0481411ad,Archaea,Nanoarchaeota,Nanoarchaeia,Woesearchaeales,NA,NA,NA,0.97,0.54,0.54,0.54,0.5,0.5
e58887d8aa6f43bec345b5555700c440,Archaea,Thermoplasmatota,Thermoplasmata,NA,NA,NA,NA,0.85,0.71,0.68,0.35,0.24,0.24
62aad6897a4204f598b36760f2b74067,Archaea,Nanoarchaeota,Nanoarchaeia,Woesearchaeales,GW2011_GWC1_47_15,NA,NA,1,0.99,0.99,0.99,0.89,0.89
959c7a60aa1a51f562b62cca9b527096,Archaea,Crenarchaeota,Bathyarchaeia,NA,NA,NA,NA,1,1,1,1,1,1
773944aa8a5c7cce3b2a83a4c4a6cf53,Archaea,Nanoarchaeota,Nanoarchaeia,Woesearchaeales,NA,NA,NA,0.93,0.71,0.71,0.71,0.43,0.43
a678e5fc286b4a8649ee38cee24fd064,Archaea,Nanoarchaeota,Nanoarchaeia,Woesearchaeales,NA,NA,NA,0.94,0.91,0.91,0.91,0.85,0.85
386a9c429bf72a9b8578c0b0ad840e0d,Archaea,Nanoarchaeota,Nanoarchaeia,Woesearchaeales,NA,NA,NA,0.98,0.89,0.89,0.89,0.75,0.75
6b842a45f99363c00c2726280724274d,Archaea,Thermoplasmatota,Thermoplasmata,Methanomassiliicoccales,Methanomethylophilaceae,NA,NA,1,1,1,1,1,0.86
e1652f4d4e698a20c9c4a98b6c7cdad2,Archaea,Nanoarchaeota,Nanoarchaeia,Woesearchaeales,GW2011_GWC1_47_15,NA,NA,0.88,0.86,0.86,0.86,0.61,0.61
329c9ec0c06636821a9555457c674dcb,Archaea,Nanoarchaeota,Nanoarchaeia,Woesearchaeales,NA,NA,NA,0.96,0.78,0.78,0.78,0.72,0.72
731665e36934add111b1b4ddedc323e5,Archaea,Nanoarchaeota,Nanoarchaeia,Woesearchaeales,NA,NA,NA,0.81,0.61,0.61,0.61,0.55,0.55
0159ae40cc55dfdb2e96a3b674a1f89a,Archaea,Crenarchaeota,Nitrososphaeria,Nitrososphaerales,Nitrososphaeraceae,NA,NA,1,1,1,0.99,0.99,0.8
f0ac26c24dbb6e8ec5b23a6eaeaba915,Archaea,Nanoarchaeota,Nanoarchaeia,Woesearchaeales,GW2011_GWC1_47_15,NA,NA,1,1,1,1,0.98,0.98
e7989ed13d0d3d973d4fb00f188627b2,Archaea,NA,NA,NA,NA,NA,NA,0.88,0.29,0.19,0.18,0.18,0.18
d6996e630dd69f90ec0399927cd5cce7,Archaea,Nanoarchaeota,Nanoarchaeia,Woesearchaeales,GW2011_GWC1_47_15,NA,NA,0.96,0.93,0.93,0.93,0.61,0.61
43313abd457f05bee0b82816ae199a18,Archaea,Nanoarchaeota,Nanoarchaeia,Woesearchaeales,GW2011_GWC1_47_15,NA,NA,1,0.99,0.99,0.99,0.98,0.98
176343fb953f0964f8fb42d63aa76a4d,Archaea,Nanoarchaeota,Nanoarchaeia,Woesearchaeales,NA,NA,NA,0.92,0.76,0.76,0.76,0.65,0.65
e936041b6c4c7b13eaeb2d3a293b9e17,Archaea,Nanoarchaeota,Nanoarchaeia,Woesearchaeales,GW2011_GWC1_47_15,NA,NA,0.87,0.85,0.85,0.85,0.62,0.62
1171e6169d6a0e5b051b0555feecdb40,Archaea,Nanoarchaeota,Nanoarchaeia,Woesearchaeales,NA,NA,NA,0.95,0.88,0.88,0.87,0.8,0.8
fbe22df4483c71d79cd8e37e1ae84a5f,Archaea,Nanoarchaeota,Nanoarchaeia,Woesearchaeales,GW2011_GWC1_47_15,NA,NA,0.96,0.96,0.96,0.96,0.81,0.81
cd9e8140ca267e4d5f021c06c976e8e5,Archaea,Nanoarchaeota,Nanoarchaeia,Woesearchaeales,GW2011_GWC1_47_15,NA,NA,0.98,0.95,0.95,0.95,0.84,0.84
35dab21517e9c7a1bc4eae0a5e2ee495,Archaea,Nanoarchaeota,Nanoarchaeia,Woesearchaeales,NA,NA,NA,0.96,0.77,0.77,0.77,0.65,0.65
d4d01d02fa60bf228a8079b7962509a8,Archaea,Nanoarchaeota,Nanoarchaeia,Woesearchaeales,GW2011_GWC1_47_15,NA,NA,1,1,1,1,0.99,0.99
1885ee164043f49814687cb16c4ce2eb,Archaea,Nanoarchaeota,Nanoarchaeia,Woesearchaeales,NA,NA,NA,0.98,0.82,0.82,0.82,0.49,0.49
51af06a440585f51648b87694a995c24,Archaea,Thermoplasmatota,Thermoplasmata,NA,NA,NA,NA,0.93,0.78,0.58,0.5,0.5,0.5
354ac9f6e2856a8c1caa989d03e4acb8,Archaea,Nanoarchaeota,Nanoarchaeia,Woesearchaeales,NA,NA,NA,1,0.97,0.97,0.97,0.81,0.81
54b59289611a53e3a8bf2f3e897f9d69,Archaea,Nanoarchaeota,Nanoarchaeia,Woesearchaeales,GW2011_GWC1_47_15,NA,NA,1,0.99,0.99,0.99,0.77,0.77
d551e3b8535bd3c22cd744103b184c4c,Archaea,Micrarchaeota,Micrarchaeia,Micrarchaeales,Micrarchaeales_fa,Candidatus_Micrarchaeum,NA,0.99,0.99,0.99,0.99,0.99,0.99
da6b7ac58d44261552d684b20b86ef67,Archaea,Crenarchaeota,Nitrososphaeria,Nitrosopumilales,Nitrosopumilaceae,Candidatus_Nitrosopumilus,NA,1,1,1,1,1,1
54fcc977a3064316f96f8d0b57217296,Archaea,Nanoarchaeota,Nanoarchaeia,Woesearchaeales,GW2011_GWC1_47_15,NA,NA,1,1,1,1,0.97,0.97
5bbe8d2d2eab721b2f0dad7b467f1152,Archaea,Nanoarchaeota,Nanoarchaeia,Woesearchaeales,NA,NA,NA,0.95,0.57,0.57,0.57,0.51,0.51
56d5ea50dd80eb5804cc38568c1910a2,Archaea,Thermoplasmatota,Thermoplasmata,NA,NA,NA,NA,0.99,0.91,0.59,0.42,0.42,0.42
187991ac795bd2edbacbdb52e8bffb4b,Archaea,Crenarchaeota,Nitrososphaeria,Nitrosopumilales,Nitrosopumilaceae,Candidatus_Nitrosotenuis,NA,1,1,1,1,1,1
46bb27d3d5d637dbc923dbf94c6c248e,Archaea,Nanoarchaeota,Nanoarchaeia,Woesearchaeales,NA,NA,NA,0.95,0.79,0.79,0.79,0.43,0.43
103cfded5a96dbe9f04e4bf12adfcd1b,Archaea,Crenarchaeota,Nitrososphaeria,Group_1.1c,NA,NA,NA,1,1,1,0.84,0.84,0.84
6fe7e9d5770c2c3f0bc7ad92ee85a03c,Archaea,Nanoarchaeota,Nanoarchaeia,Woesearchaeales,GW2011_GWC1_47_15,NA,NA,1,0.99,0.99,0.99,0.76,0.76
a5472d9dede7179a8b8100c9a09d0283,Archaea,Nanoarchaeota,Nanoarchaeia,Woesearchaeales,NA,NA,NA,1,0.95,0.95,0.95,0.41,0.41
b83bf502fc04d86e2b08955320547250,Archaea,Thermoplasmatota,Thermoplasmata,NA,NA,NA,NA,0.99,0.74,0.63,0.46,0.45,0.45
da257e2a3cb8c917abba7eaffc5e3ae9,Archaea,Nanoarchaeota,Nanoarchaeia,Woesearchaeales,GW2011_GWC1_47_15,NA,NA,0.98,0.98,0.98,0.98,0.78,0.78
b92263550db3d38254ede7c6a38b1793,Archaea,Nanoarchaeota,Nanoarchaeia,Woesearchaeales,GW2011,AR15,NA,1,1,1,1,0.87,0.87
ddfe5adca3e377fc481b6bd7f19c4d3b,Archaea,Nanoarchaeota,Nanoarchaeia,Woesearchaeales,NA,NA,NA,0.98,0.98,0.98,0.98,0.95,0.95
0d64403bf6ebbca7e5c15e079c005183,Archaea,Thermoplasmatota,Thermoplasmata,NA,NA,NA,NA,0.99,0.74,0.58,0.4,0.4,0.4
672721ec96eca9054c31baa9d2f9eb33,Archaea,Nanoarchaeota,Nanoarchaeia,Woesearchaeales,NA,NA,NA,0.96,0.93,0.93,0.93,0.91,0.91
162e77f9999e0df74ce0e1bb7a2094e3,Archaea,Nanoarchaeota,Nanoarchaeia,Woesearchaeales,NA,NA,NA,0.93,0.85,0.85,0.85,0.74,0.74
a29b0b3974393d4d520b96196605b8f3,Archaea,Nanoarchaeota,Nanoarchaeia,Woesearchaeales,NA,NA,NA,0.98,0.93,0.93,0.93,0.88,0.88
6966ad15d158ee27a63798311789664e,Archaea,Nanoarchaeota,Nanoarchaeia,Woesearchaeales,GW2011_GWC1_47_15,NA,NA,1,1,1,1,0.97,0.97
7406138d0c01beedec718190cdd871a3,Archaea,Nanoarchaeota,Nanoarchaeia,Woesearchaeales,NA,NA,NA,1,0.97,0.97,0.97,0.71,0.71
bde7b9d6059f79e09af106f97afa62eb,Archaea,Nanoarchaeota,Nanoarchaeia,Woesearchaeales,NA,NA,NA,0.99,0.97,0.97,0.97,0.7,0.7
c62f7629c45a7a6073813416d06ffd4e,Archaea,Nanoarchaeota,Nanoarchaeia,Woesearchaeales,GW2011_GWC1_47_15,NA,NA,0.99,0.99,0.99,0.99,0.81,0.81
34909b11626ac13015d83f1b64a36c38,Archaea,Euryarchaeota,Methanobacteria,Methanobacteriales,Methanobacteriaceae,Methanobacterium,NA,1,1,1,1,1,1
f1b8627211ad0cfe635ee3a2af1445dd,Archaea,Nanoarchaeota,Nanoarchaeia,Woesearchaeales,NA,NA,NA,0.96,0.76,0.76,0.76,0.55,0.55
8a680c4d7fe4f31744a91a3242e7df94,Archaea,Nanoarchaeota,Nanoarchaeia,Woesearchaeales,NA,NA,NA,0.89,0.87,0.87,0.87,0.76,0.76
5d4ffec94875ba37aedf9ed11deb8b3f,Archaea,Crenarchaeota,Nitrososphaeria,Nitrosopumilales,Nitrosopumilaceae,Candidatus_Nitrosotenuis,NA,1,1,1,1,1,1
80f9db42bc949f454cdd0ace5069c441,Archaea,Nanoarchaeota,Nanoarchaeia,Woesearchaeales,NA,NA,NA,0.91,0.85,0.85,0.85,0.65,0.65
aefee3ddad423213b8ef2a242edcd890,Archaea,Thermoplasmatota,Thermoplasmata,NA,NA,NA,NA,0.99,0.72,0.52,0.17,0.17,0.17
cbf917f9372fbe69fe690c5559a3a587,Archaea,Nanoarchaeota,Nanoarchaeia,Woesearchaeales,GW2011_GWC1_47_15,NA,NA,0.9,0.88,0.88,0.88,0.64,0.64
548b2272048755131d54bad789b80dc7,Archaea,Crenarchaeota,Nitrososphaeria,Nitrososphaerales,Nitrososphaeraceae,Candidatus_Nitrocosmicus,NA,1,1,1,1,1,0.88
56fa819894bafd0f3fe1cfca091c46dd,Archaea,Nanoarchaeota,Nanoarchaeia,Woesearchaeales,GW2011_GWC1_47_15,NA,NA,0.95,0.93,0.93,0.93,0.71,0.71
f2de39af644e2cd485aa9f2a86b58978,Archaea,Nanoarchaeota,Nanoarchaeia,Woesearchaeales,GW2011_GWC1_47_15,NA,NA,1,1,1,1,0.94,0.94
da9fcad9deff795ee2c468364a927de0,Archaea,Thermoplasmatota,Thermoplasmata,Methanomassiliicoccales,Methanomassiliicoccaceae,Methanomassiliicoccus,NA,1,1,1,1,1,0.79
b428fa2ab61367bd21158b61163821a0,Archaea,Crenarchaeota,Nitrososphaeria,Marine_Benthic_Group_A,NA,NA,NA,1,1,0.99,0.74,0.74,0.74
771a0102cc28bfc33ce15451a4136875,Archaea,Nanoarchaeota,Nanoarchaeia,Woesearchaeales,NA,NA,NA,0.97,0.89,0.89,0.89,0.81,0.81
2ac87edadbb15419ccd0e0052a89e3a2,Archaea,Nanoarchaeota,Nanoarchaeia,Woesearchaeales,GW2011_GWC1_47_15,NA,NA,0.96,0.95,0.95,0.95,0.68,0.68
f79dbf832920e7c55a27f2740b4491b5,Archaea,NA,NA,NA,NA,NA,NA,0.87,0.32,0.32,0.32,0.32,0.32
809838d697059f1896f4706b28817612,Archaea,Nanoarchaeota,Nanoarchaeia,Woesearchaeales,NA,NA,NA,0.98,0.88,0.88,0.88,0.85,0.85
4a1cb632b5ef781257e77c53bd713fbf,Archaea,Nanoarchaeota,Nanoarchaeia,Woesearchaeales,NA,NA,NA,1,0.87,0.87,0.87,0.76,0.76
a22997882a7309462ca7a8d093661f24,Archaea,Nanoarchaeota,Nanoarchaeia,Woesearchaeales,NA,NA,NA,1,0.97,0.97,0.97,0.43,0.43
f911768c0442d39e7fbf9068bd004172,Archaea,Nanoarchaeota,Nanoarchaeia,Woesearchaeales,GW2011_GWC1_47_15,NA,NA,0.99,0.99,0.99,0.99,0.68,0.68
2d3f79f016cb52321ac1ec1723dc605f,Archaea,Nanoarchaeota,Nanoarchaeia,Woesearchaeales,GW2011_GWC1_47_15,NA,NA,0.85,0.84,0.84,0.84,0.51,0.51
b1f3145bf22e701491a99404e40359d1,Archaea,Nanoarchaeota,Nanoarchaeia,Woesearchaeales,GW2011_GWC1_47_15,NA,NA,0.91,0.86,0.86,0.86,0.7,0.7
d4d9e6269af73142d8499810448442a5,Archaea,Nanoarchaeota,Nanoarchaeia,Woesearchaeales,NA,NA,NA,1,1,1,1,1,1
a01a7f0a212a486909f43133aa4cb3a6,Archaea,Crenarchaeota,Nitrososphaeria,Nitrosotaleales,Nitrosotaleaceae,Candidatus_Nitrosotalea,NA,0.99,0.99,0.98,0.56,0.56,0.5
af02d3f57a7cbacd7fd5b5d997b7279c,Archaea,Nanoarchaeota,Nanoarchaeia,Woesearchaeales,NA,NA,NA,1,1,1,1,1,1
7c381c36aeb9d0c478bdad860658b140,Archaea,Nanoarchaeota,Nanoarchaeia,Woesearchaeales,GW2011_GWC1_47_15,NA,NA,0.96,0.91,0.91,0.91,0.73,0.73
0f7a0abef9f047483eed129e9c341b05,Archaea,Thermoplasmatota,Thermoplasmata,NA,NA,NA,NA,0.98,0.75,0.66,0.22,0.22,0.22
f9569adfead15f37ce27ff0fdc2851e6,Archaea,Nanoarchaeota,Nanoarchaeia,Woesearchaeales,NA,NA,NA,0.97,0.82,0.82,0.82,0.75,0.75
cc5786f7d721195585fed39bd2b6793f,Archaea,Nanoarchaeota,Nanoarchaeia,Woesearchaeales,NA,NA,NA,0.96,0.73,0.73,0.73,0.67,0.67
06018a34fc437e4bc8e0c38deee1a36e,Archaea,Nanoarchaeota,Nanoarchaeia,Woesearchaeales,GW2011_GWC1_47_15,NA,NA,0.95,0.94,0.94,0.94,0.79,0.79
90655772442b2256f96ea783ee8716d0,Archaea,Nanoarchaeota,Nanoarchaeia,Woesearchaeales,NA,NA,NA,0.97,0.96,0.96,0.96,0.82,0.82
3e9e615c4872dfb482d42ae5d518d8d5,Archaea,Nanoarchaeota,Nanoarchaeia,Woesearchaeales,GW2011_GWC1_47_15,NA,NA,0.99,0.99,0.99,0.99,0.91,0.91
0625405c1b60c045860bb0e8ef08a908,Archaea,Nanoarchaeota,Nanoarchaeia,Woesearchaeales,NA,NA,NA,0.96,0.69,0.69,0.69,0.33,0.33
a5f0f34ef6891bf494a536d269c31527,Archaea,Thermoplasmatota,Thermoplasmata,NA,NA,NA,NA,0.94,0.64,0.54,0.1,0.1,0.1
b1d011e72fb86ddef37bd2d7820b30c5,Archaea,Crenarchaeota,Nitrososphaeria,Nitrosopumilales,Nitrosopumilaceae,NA,NA,1,1,1,1,1,0.55
98a4fb747bcf06ea3bdd5f8cedb45f73,Archaea,Nanoarchaeota,Nanoarchaeia,Woesearchaeales,NA,NA,NA,0.98,0.76,0.76,0.75,0.59,0.59
ba3c6193430ddd0a0e42ab4e0a08dce1,Archaea,Nanoarchaeota,Nanoarchaeia,Woesearchaeales,NA,NA,NA,0.96,0.85,0.85,0.85,0.74,0.74
21fea6083e149bf2d4ed006adf4fc067,Archaea,Nanoarchaeota,Nanoarchaeia,Woesearchaeales,NA,NA,NA,0.93,0.8,0.8,0.8,0.58,0.58
b8c0c6765e7e47c0fa5101742d21ca22,Archaea,Nanoarchaeota,Nanoarchaeia,Woesearchaeales,NA,NA,NA,0.95,0.86,0.86,0.86,0.75,0.75
cb9fd990073a2d200fc36cbdd6557c25,Archaea,Thermoplasmatota,Thermoplasmata,NA,NA,NA,NA,0.97,0.81,0.75,0.25,0.25,0.25
9e98db8aba6b7416d12764a1d08c3f4c,Archaea,Nanoarchaeota,Nanoarchaeia,Woesearchaeales,NA,NA,NA,1,0.98,0.98,0.98,0.95,0.95
ec935edfbda7e43571801088b4c6d113,Archaea,Nanoarchaeota,Nanoarchaeia,Woesearchaeales,GW2011_GWC1_47_15,NA,NA,0.97,0.91,0.91,0.91,0.76,0.76
e7c8f4de4d243bcf3788c7b152a91c34,Archaea,Nanoarchaeota,Nanoarchaeia,Woesearchaeales,GW2011_GWC1_47_15,NA,NA,0.99,0.99,0.99,0.99,0.83,0.83
57e672a189d0bd0e4d84cb40bc6392dc,Archaea,Nanoarchaeota,Nanoarchaeia,Woesearchaeales,GW2011_GWC1_47_15,NA,NA,0.98,0.98,0.98,0.98,0.79,0.79
856b767ecd4e73b36928d8653c24bb28,Archaea,Nanoarchaeota,Nanoarchaeia,Woesearchaeales,GW2011_GWC1_47_15,NA,NA,1,1,1,1,0.91,0.91
f105d4ebb36f3cf113a06925570be683,Archaea,Nanoarchaeota,Nanoarchaeia,Woesearchaeales,NA,NA,NA,0.98,0.96,0.96,0.96,0.8,0.8
c4a8c58b0da1ef6c4508cb09ce483f23,Archaea,Thermoplasmatota,Thermoplasmata,Marine_Benthic_Group_D_and_DHVEG-1,NA,NA,NA,1,1,0.96,0.87,0.87,0.87
b0fcc64f8239002c00abd919f58219d2,Archaea,Thermoplasmatota,NA,NA,NA,NA,NA,0.96,0.66,0.42,0.42,0.42,0.42
39a61bca4ec03af3ffaf310d64651d04,Archaea,Nanoarchaeota,Nanoarchaeia,Woesearchaeales,GW2011_GWC1_47_15,NA,NA,1,1,1,1,1,1
9b4cb9bd96210bb7747afa707a0d5207,Archaea,Nanoarchaeota,Nanoarchaeia,Woesearchaeales,NA,NA,NA,0.96,0.88,0.88,0.88,0.78,0.78
f66eb19e0257075f69dc091b7a81d06f,Archaea,Crenarchaeota,Nitrososphaeria,Nitrososphaerales,Nitrososphaeraceae,NA,NA,0.99,0.99,0.98,0.96,0.96,0.72
b0b93bec6d07038c55c601899b7e0e0d,Archaea,Nanoarchaeota,Nanoarchaeia,Woesearchaeales,GW2011_GWC1_47_15,NA,NA,0.95,0.88,0.88,0.88,0.7,0.7
aa7f4635c86e4a242f1dbb6db8718fdd,Archaea,Nanoarchaeota,Nanoarchaeia,Woesearchaeales,GW2011_GWC1_47_15,NA,NA,0.94,0.89,0.89,0.89,0.69,0.69
3d94ed5503fb769cef3abe5d6eeb6e6d,Archaea,Nanoarchaeota,Nanoarchaeia,Woesearchaeales,NA,NA,NA,0.98,0.72,0.72,0.72,0.53,0.53
40f55feb1eba4adfe392936cc1c09678,Archaea,Nanoarchaeota,Nanoarchaeia,Woesearchaeales,GW2011_GWC1_47_15,NA,NA,0.95,0.94,0.94,0.94,0.92,0.92
bee6758cab1b4467c5f9e6fad303f2cb,Archaea,Thermoplasmatota,NA,NA,NA,NA,NA,0.97,0.73,0.17,0.17,0.17,0.17
44e55655fd79b1ace49292c52cbeeea4,Archaea,Nanoarchaeota,Nanoarchaeia,Woesearchaeales,NA,NA,NA,0.98,0.97,0.97,0.97,0.43,0.43
25fd79b6dfffb02c7d764b15c96de44e,Archaea,Nanoarchaeota,Nanoarchaeia,Woesearchaeales,GW2011_GWC1_47_15,NA,NA,0.96,0.93,0.93,0.93,0.72,0.72
e24c31d084496fbec13083c9aac4849d,Archaea,Crenarchaeota,Nitrososphaeria,Nitrosopumilales,Nitrosopumilaceae,NA,NA,1,1,1,1,1,0.48
90aae5c01a7b0c7a250c75ed4aa37b19,Archaea,Nanoarchaeota,Nanoarchaeia,Woesearchaeales,NA,NA,NA,0.9,0.86,0.86,0.86,0.51,0.51
9f9bb0f0b6da388cc76ae204a3667ac6,Archaea,Nanoarchaeota,Nanoarchaeia,Woesearchaeales,GW2011_GWC1_47_15,NA,NA,0.95,0.95,0.95,0.95,0.63,0.63
06ff59858df2e6e839070c1b136b0492,Archaea,Thermoplasmatota,Thermoplasmata,NA,NA,NA,NA,1,0.97,0.84,0.72,0.72,0.72
49aefd14b965666db5ed782009cf10cb,Archaea,Nanoarchaeota,Nanoarchaeia,Woesearchaeales,NA,NA,NA,0.94,0.92,0.92,0.92,0.89,0.89
3cd4d0cae884b582aea80b5881d1c59f,Archaea,Nanoarchaeota,Nanoarchaeia,Woesearchaeales,NA,NA,NA,0.96,0.86,0.86,0.86,0.81,0.81
9b64f2ce25175a26e09a8d63a27502be,Archaea,Crenarchaeota,Bathyarchaeia,NA,NA,NA,NA,1,1,1,1,1,1
4086b5e1fd4e496643a9c791184923ba,Archaea,Thermoplasmatota,Thermoplasmata,Marine_Benthic_Group_D_and_DHVEG-1,NA,NA,NA,1,1,1,0.94,0.94,0.94
e6ef61027125082bbe14fc084edefc47,Archaea,Nanoarchaeota,Nanoarchaeia,Woesearchaeales,NA,NA,NA,0.93,0.87,0.87,0.87,0.36,0.36
0c86d29729fbe05c22f6aada5eb00ac7,Archaea,Nanoarchaeota,Nanoarchaeia,Woesearchaeales,GW2011_GWC1_47_15,NA,NA,0.95,0.72,0.72,0.72,0.64,0.64
7866a5bdd1211e8db950f1cb0f08ae18,Archaea,Nanoarchaeota,Nanoarchaeia,Woesearchaeales,NA,NA,NA,0.93,0.83,0.83,0.83,0.64,0.64
8f22e52d46a3d56a7f6c33a49b724e27,Archaea,NA,NA,NA,NA,NA,NA,0.93,0.45,0.45,0.45,0.4,0.4
f228a04e72917b3c6320ab8aa855410a,Archaea,Nanoarchaeota,Nanoarchaeia,Woesearchaeales,GW2011_GWC1_47_15,NA,NA,0.99,0.99,0.99,0.99,0.77,0.77
61a8c8e1c19eaedc2dc230780a1399c6,Archaea,Nanoarchaeota,Nanoarchaeia,Woesearchaeales,GW2011_GWC1_47_15,NA,NA,0.91,0.88,0.88,0.88,0.64,0.64
bfb5e7f20bc611435c3970554ac8c0b3,Archaea,Nanoarchaeota,Nanoarchaeia,Woesearchaeales,GW2011_GWC1_47_15,NA,NA,1,1,1,1,0.94,0.94
0d666890ac3c369f084f0c7ce3ce5b7a,Archaea,Nanoarchaeota,Nanoarchaeia,Woesearchaeales,NA,NA,NA,1,0.99,0.99,0.99,0.71,0.71
a00c3a3d5f45fe8b7c36d5de71f13002,Archaea,NA,NA,NA,NA,NA,NA,0.99,0.38,0.35,0.35,0.18,0.18
e08662243deae06492a9d12c2a7f2b6e,Archaea,Nanoarchaeota,Nanoarchaeia,Woesearchaeales,NA,NA,NA,0.99,0.91,0.91,0.91,0.86,0.86
4bb587f6a8687f5ce703814b55b4173b,Archaea,Nanoarchaeota,Nanoarchaeia,Woesearchaeales,NA,NA,NA,0.99,0.82,0.82,0.82,0.53,0.53
8bd6edbbe3855bd8625376775841f50f,Archaea,Nanoarchaeota,Nanoarchaeia,Woesearchaeales,GW2011_GWC1_47_15,NA,NA,0.84,0.8,0.8,0.8,0.67,0.67
e8423b9744449993d40e3a5cfdeedfb8,Archaea,Nanoarchaeota,Nanoarchaeia,Woesearchaeales,NA,NA,NA,0.95,0.77,0.77,0.77,0.76,0.76
4611b47e0853e04bc15a302ff33967c7,Archaea,Nanoarchaeota,Nanoarchaeia,Woesearchaeales,NA,NA,NA,0.93,0.78,0.78,0.78,0.65,0.65
cbea7333ac548718c4fe46c79a6f8eab,Archaea,Micrarchaeota,Micrarchaeia,Micrarchaeales,CG1-02-32-21,NA,NA,0.96,0.83,0.83,0.83,0.83,0.83
e545ab90453c11f10bb12aa581586184,Archaea,Nanoarchaeota,Nanoarchaeia,Woesearchaeales,GW2011_GWC1_47_15,NA,NA,1,0.99,0.99,0.99,0.98,0.98
0be048e913d7abc05b956548ac73b6fd,Archaea,Crenarchaeota,Methanomethylicia,Methanomethyliales,Methanomethyliaceae,Candidatus_Methanomethylicus,NA,1,1,1,1,1,1
ef954da55a7465343c341ae37b55450e,Archaea,Nanoarchaeota,Nanoarchaeia,Woesearchaeales,GW2011_GWC1_47_15,NA,NA,1,1,1,1,0.88,0.88
f14e2fc978ea92398df61dd9f9f0e9ce,Archaea,Nanoarchaeota,Nanoarchaeia,Woesearchaeales,GW2011_GWC1_47_15,NA,NA,0.98,0.98,0.98,0.98,0.96,0.96
018ac3581fa5b536dd124806debce23e,Archaea,Nanoarchaeota,Nanoarchaeia,Woesearchaeales,NA,NA,NA,0.98,0.81,0.81,0.81,0.75,0.75
35582875d58e461acc06645bd743e3bc,Archaea,Nanoarchaeota,Nanoarchaeia,Woesearchaeales,GW2011_GWC1_47_15,NA,NA,0.98,0.98,0.98,0.98,0.81,0.81
603393e69f5449ebcb39a1dce53f939f,Archaea,Nanoarchaeota,Nanoarchaeia,Woesearchaeales,GW2011_GWC1_47_15,NA,NA,0.98,0.96,0.96,0.96,0.7,0.7
592b7a7d265253df136bc511298f06d7,Archaea,Nanoarchaeota,Nanoarchaeia,Woesearchaeales,NA,NA,NA,0.96,0.83,0.83,0.83,0.77,0.77
2d2baa099ed17940be8a18dea95ac6c4,Archaea,Nanoarchaeota,Nanoarchaeia,Woesearchaeales,NA,NA,NA,1,1,1,1,0.75,0.75
1819f67590b27809d1ae2feb619ed41e,Archaea,Thermoplasmatota,NA,NA,NA,NA,NA,0.99,0.85,0.48,0.36,0.36,0.36
9b429b609b9a24b49e816f53c785e120,Archaea,Halobacterota,Methanosarcinia,Methanosarciniales,Methanosaetaceae,Methanosaeta,NA,1,1,1,1,1,1
3b01720a00eafe5d85f1bdf0875cda15,Archaea,Nanoarchaeota,Nanoarchaeia,Woesearchaeales,NA,NA,NA,0.72,0.69,0.69,0.69,0.43,0.43
a8457207b508080b7756995fd67dda82,Archaea,Nanoarchaeota,Nanoarchaeia,Woesearchaeales,CG1-02-57-44,NA,NA,0.99,0.92,0.92,0.92,0.7,0.7
7643382fca3c217c368232a79ca479c3,Archaea,Nanoarchaeota,Nanoarchaeia,Woesearchaeales,GW2011_GWC1_47_15,NA,NA,0.95,0.95,0.95,0.95,0.95,0.95
99ed7c185c959f0de276a8f1d8cbc89a,Archaea,Euryarchaeota,Methanobacteria,Methanobacteriales,Methanobacteriaceae,Methanobrevibacter,NA,1,1,1,1,1,0.92
032b0e33110e7c5b1c8fade993930f44,Archaea,Nanoarchaeota,Nanoarchaeia,Woesearchaeales,NA,NA,NA,0.98,0.94,0.94,0.94,0.94,0.94
ea474286107f30b1247fad2e586ef6cb,Archaea,Nanoarchaeota,Nanoarchaeia,Woesearchaeales,NA,NA,NA,0.77,0.62,0.62,0.61,0.36,0.35
95c61cfe88ebcf5d3e3f071f8d4ab403,Archaea,Nanoarchaeota,Nanoarchaeia,Woesearchaeales,GW2011_GWC1_47_15,NA,NA,1,1,1,1,0.99,0.99
51a50ab0f00d3b5565fc67cb90ad7b6d,Archaea,Nanoarchaeota,Nanoarchaeia,Woesearchaeales,NA,NA,NA,0.93,0.88,0.88,0.88,0.86,0.86
5d6b8c2b55c1f52fa147d34b5f909bea,Archaea,Nanoarchaeota,Nanoarchaeia,Woesearchaeales,NA,NA,NA,1,1,1,1,1,1
a6e92caa49c34abf2771191484f7d703,Archaea,Nanoarchaeota,Nanoarchaeia,Woesearchaeales,NA,NA,NA,0.95,0.89,0.89,0.89,0.64,0.64
3f73d10b1e008f7c27656aca1044dab7,Archaea,Halobacterota,Methanosarcinia,Methanosarciniales,Methanosarcinaceae,Methanosarcina,NA,1,1,1,1,1,1
4905ee2730050afda5daf9bd72d421a8,Archaea,Nanoarchaeota,Nanoarchaeia,Woesearchaeales,GW2011_GWC1_47_15,NA,NA,0.97,0.97,0.97,0.97,0.74,0.74
bd8d38c460573d6057e38f379d13f45e,Archaea,Nanoarchaeota,Nanoarchaeia,Woesearchaeales,GW2011_GWC1_47_15,NA,NA,1,1,1,1,0.94,0.94
b32a25aa9063969e3ce58969d141adeb,Archaea,Nanoarchaeota,Nanoarchaeia,Woesearchaeales,NA,NA,NA,1,1,1,1,1,1
50163ec9c9bcb9fed44fb6b5ba3644b6,Archaea,Nanoarchaeota,Nanoarchaeia,Woesearchaeales,NA,NA,NA,0.95,0.82,0.82,0.82,0.57,0.57
c62c9eaca5dcfeb544f8411d6d2777f6,Archaea,Nanoarchaeota,Nanoarchaeia,Woesearchaeales,GW2011_GWC1_47_15,NA,NA,0.99,0.97,0.97,0.97,0.86,0.86
315539a28182d73a23b4678c3d6e7a87,Archaea,Nanoarchaeota,Nanoarchaeia,Woesearchaeales,NA,NA,NA,0.99,0.97,0.97,0.97,0.9,0.9
3316b3c534dc80110f575d2e4ee27375,Archaea,Nanoarchaeota,Nanoarchaeia,Woesearchaeales,GW2011_GWC1_47_15,NA,NA,1,1,1,1,0.73,0.73
a552ac4c9df8877d6b461d608ce170a0,Archaea,Euryarchaeota,Thermococci,Methanofastidiosales,Methanofastidiosaceae,Candidatus_Methanofastidiosum,NA,1,1,1,1,1,1
cd7c2150055303fad265729905a773ea,Archaea,Euryarchaeota,Methanobacteria,Methanobacteriales,Methanobacteriaceae,Methanobrevibacter,NA,1,1,1,1,1,1
e7e2e012fe7d1afe799f49fec80a9cf0,Archaea,Crenarchaeota,Nitrososphaeria,SCGC_AB-179-E04,NA,NA,NA,1,1,1,0.67,0.67,0.67
c75ca7ee5879ba60a68a5ec5af609473,Archaea,Crenarchaeota,Nitrososphaeria,Group_1.1c,NA,NA,NA,1,1,1,0.74,0.74,0.74
4bb79ce19252bbce2e870e5bdb0e8f85,Archaea,Crenarchaeota,Bathyarchaeia,NA,NA,NA,NA,1,1,1,1,1,1
572a60f1b1d4bf57d9edf1994888aecc,Archaea,Nanoarchaeota,Nanoarchaeia,Woesearchaeales,GW2011_GWC1_47_15,NA,NA,0.88,0.85,0.85,0.85,0.79,0.79
c51e92e79f56705ee9fed846e364ed72,Archaea,Nanoarchaeota,Nanoarchaeia,Woesearchaeales,NA,NA,NA,0.99,0.93,0.93,0.93,0.74,0.74
5e107ef7f46ec138120c53dde7393354,Archaea,Nanoarchaeota,Nanoarchaeia,Woesearchaeales,NA,NA,NA,1,0.97,0.97,0.97,0.91,0.91
bd4c127c9187a20c04c8bbe2515b24ed,Archaea,Nanoarchaeota,Nanoarchaeia,Woesearchaeales,SCGC_AAA011-D5,NA,NA,1,1,1,1,0.54,0.54
533a5e246f41ac9f6573ab547dd4dfc2,Archaea,Nanoarchaeota,Nanoarchaeia,Woesearchaeales,NA,NA,NA,1,0.96,0.96,0.96,0.89,0.89
42337725f0347600f2d1aa5aa1d5c4a6,Archaea,Nanoarchaeota,Nanoarchaeia,Woesearchaeales,NA,NA,NA,0.99,0.93,0.93,0.93,0.83,0.83
b357aed1f81230375a12b982d6084de3,Archaea,Nanoarchaeota,Nanoarchaeia,Woesearchaeales,NA,NA,NA,0.96,0.91,0.91,0.91,0.33,0.33
6db630dbc7231b0518a10d8574c39b4a,Archaea,Nanoarchaeota,Nanoarchaeia,Woesearchaeales,NA,NA,NA,0.88,0.85,0.85,0.84,0.81,0.81
530260528694adb8c23c70e974cdf85b,Archaea,Nanoarchaeota,Nanoarchaeia,Woesearchaeales,GW2011_GWC1_47_15,NA,NA,1,1,1,1,0.99,0.99
120e256369ac8a244a06f4d21e18a2fa,Archaea,Nanoarchaeota,Nanoarchaeia,Woesearchaeales,NA,NA,NA,0.99,0.98,0.98,0.98,0.77,0.77
81d08ab4abcc0f3b5aa7b843b9eecb26,Archaea,Nanoarchaeota,Nanoarchaeia,Woesearchaeales,GW2011_GWC1_47_15,NA,NA,0.98,0.97,0.97,0.97,0.93,0.93
d5f4c97be27c423149614e7f52108317,Archaea,Nanoarchaeota,Nanoarchaeia,Woesearchaeales,NA,NA,NA,0.99,0.92,0.92,0.92,0.87,0.87
961bcd9241c3287c71daebc2ef88f5ab,Archaea,Nanoarchaeota,Nanoarchaeia,Woesearchaeales,NA,NA,NA,0.97,0.85,0.85,0.85,0.76,0.76
e4a1173b2fe42075b9959f1e6e7ffbe6,Archaea,Nanoarchaeota,Nanoarchaeia,Woesearchaeales,NA,NA,NA,1,0.87,0.87,0.87,0.74,0.74
1074730dbecb3fe605f70b9214ff2c1a,Archaea,Nanoarchaeota,Nanoarchaeia,Woesearchaeales,NA,NA,NA,1,0.99,0.99,0.99,0.9,0.9
74aeb0b35da6ec50b4dd21881776a7cd,Archaea,Nanoarchaeota,Nanoarchaeia,Woesearchaeales,NA,NA,NA,0.89,0.76,0.76,0.76,0.69,0.69
1ce21f77899c421b060737365f3fe5b2,Archaea,Nanoarchaeota,Nanoarchaeia,Woesearchaeales,NA,NA,NA,0.97,0.97,0.97,0.96,0.83,0.83
25130e99fe4155503967f561ee32f7ec,Archaea,Crenarchaeota,Nitrososphaeria,Nitrosotaleales,Nitrosotaleaceae,NA,NA,1,1,1,1,1,1
97a6daafe86616bf2f047dfdf8c58c47,Archaea,Nanoarchaeota,Nanoarchaeia,Woesearchaeales,NA,NA,NA,0.97,0.94,0.94,0.94,0.7,0.7
cc001229fe13893eac1b6f805299766f,Archaea,Nanoarchaeota,Nanoarchaeia,Woesearchaeales,NA,NA,NA,0.94,0.62,0.62,0.58,0.45,0.45
fce756575299f4331cba4d025dbf754e,Archaea,Nanoarchaeota,Nanoarchaeia,Woesearchaeales,NA,NA,NA,0.94,0.74,0.74,0.73,0.63,0.63
a4a752b38ff1e79ab4f42e37aef2fa7e,Archaea,Crenarchaeota,Nitrososphaeria,Nitrososphaerales,Nitrososphaeraceae,NA,NA,1,1,1,0.98,0.98,0.82
9c2766cb5b84c8be9f28119d3c76a189,Archaea,Nanoarchaeota,Nanoarchaeia,Woesearchaeales,GW2011_GWC1_47_15,NA,NA,1,1,1,1,0.98,0.98
6a232a323f2aecee081e346270ea649b,Archaea,Nanoarchaeota,Nanoarchaeia,Woesearchaeales,GW2011_GWC1_47_15,NA,NA,1,1,1,1,0.91,0.91
96e42bb1bf8edbd69659fe35a8b193cc,Archaea,Nanoarchaeota,Nanoarchaeia,Woesearchaeales,NA,NA,NA,0.98,0.96,0.96,0.96,0.76,0.76
800740108424f52d3cec433fc4e648c6,Archaea,Nanoarchaeota,Nanoarchaeia,Woesearchaeales,NA,NA,NA,0.93,0.82,0.82,0.82,0.7,0.7
69ea93d9caa2749376d1ad0422668d80,Archaea,Nanoarchaeota,Nanoarchaeia,Woesearchaeales,NA,NA,NA,0.98,0.92,0.92,0.92,0.57,0.57
5d5bf1a946648fcfb1b4e34ba724d2ba,Archaea,Nanoarchaeota,Nanoarchaeia,Woesearchaeales,GW2011_GWC1_47_15,NA,NA,0.99,0.99,0.99,0.99,0.84,0.84
8ae70abc6f64a7d56c994811a28531ad,Archaea,Crenarchaeota,Nitrososphaeria,Nitrosotaleales,Nitrosotaleaceae,Candidatus_Nitrosotalea,NA,1,1,0.99,0.75,0.75,0.68
9a2bcaa94d377e33d35347dfd23fe800,Archaea,Nanoarchaeota,Nanoarchaeia,Woesearchaeales,GW2011_GWC1_47_15,NA,NA,1,0.99,0.99,0.99,0.73,0.73
8b50ad2f46ba854fa39c1d7374850c19,Archaea,Thermoplasmatota,Thermoplasmata,NA,NA,NA,NA,1,1,1,1,1,1
e1db198bed3fe4451bbab0d4b5ed18a5,Archaea,Nanoarchaeota,Nanoarchaeia,Woesearchaeales,NA,NA,NA,1,0.95,0.95,0.95,0.86,0.86
b27215c7386cead6b49c9f7af4d1ec0a,Archaea,Nanoarchaeota,Nanoarchaeia,Woesearchaeales,GW2011_GWC1_47_15,NA,NA,0.99,0.99,0.99,0.99,0.84,0.84
d2d528db4b32e46bed5fda40b6a6da6f,Archaea,Euryarchaeota,Methanobacteria,Methanobacteriales,Methanobacteriaceae,Methanobrevibacter,NA,1,1,1,1,1,1
981fd366187d96ed44d0a77cea34898f,Archaea,Nanoarchaeota,Nanoarchaeia,Woesearchaeales,GW2011_GWC1_47_15,NA,NA,0.96,0.95,0.95,0.95,0.71,0.71
c8f770e6fe7c20fa819ac27e0505b44d,Archaea,Nanoarchaeota,Nanoarchaeia,Woesearchaeales,NA,NA,NA,0.94,0.77,0.77,0.74,0.57,0.57
7039b5fb8d811c3b806d50f57e92f7f5,Archaea,Nanoarchaeota,Nanoarchaeia,Woesearchaeales,GW2011_GWC1_47_15,NA,NA,0.96,0.91,0.91,0.9,0.64,0.64
b26ef0c6aef644bded5cd843e549a9f4,Archaea,Crenarchaeota,Nitrososphaeria,Nitrososphaerales,Nitrososphaeraceae,Candidatus_Nitrososphaera,NA,1,1,1,1,1,1
3db8c8e8be1704ccfba1c43238595485,Archaea,Nanoarchaeota,Nanoarchaeia,Woesearchaeales,GW2011_GWC1_47_15,NA,NA,0.91,0.9,0.9,0.9,0.86,0.86
cc64b7cfb3ef95c8f82681a30a2452e0,Archaea,NA,NA,NA,NA,NA,NA,0.91,0.42,0.42,0.42,0.32,0.32
ad7492e975c4bbb0feeb96c14ed8d3e2,Archaea,Nanoarchaeota,Nanoarchaeia,Woesearchaeales,NA,NA,NA,0.95,0.71,0.71,0.71,0.57,0.57
427b5ed2436cf6490906543b01c4deeb,Archaea,Nanoarchaeota,Nanoarchaeia,Woesearchaeales,NA,NA,NA,0.94,0.91,0.91,0.91,0.77,0.77
fdaaaf643da981b1a162e1b75e8d63f9,Archaea,Thermoplasmatota,NA,NA,NA,NA,NA,0.97,0.8,0.19,0.19,0.19,0.19
838b36d78236ee67e63b0e8a1cfe5097,Archaea,Nanoarchaeota,Nanoarchaeia,Woesearchaeales,GW2011_GWC1_47_15,NA,NA,0.97,0.97,0.97,0.97,0.85,0.85
f8ef0faa95cdec62c249528d9ea49bd8,Archaea,Crenarchaeota,Nitrososphaeria,Nitrosotaleales,Nitrosotaleaceae,Candidatus_Nitrosotalea,NA,1,1,1,1,1,0.92
e668bdd038fd7802ffe0071a1b29c0b5,Archaea,Nanoarchaeota,Nanoarchaeia,Woesearchaeales,GW2011,AR15,NA,1,0.99,0.99,0.99,0.92,0.92
f3025447a4011cd5c9d79e9f3f0f6a0a,Archaea,Thermoplasmatota,NA,NA,NA,NA,NA,0.95,0.66,0.12,0.12,0.12,0.12
b59b27b5595b8b2a5ee0ae010bc62ba1,Archaea,Nanoarchaeota,Nanoarchaeia,Woesearchaeales,GW2011_GWC1_47_15,NA,NA,0.99,0.99,0.99,0.99,0.94,0.94
1e9d0f50fb41e70d7fb9053091c00449,Archaea,Nanoarchaeota,Nanoarchaeia,Woesearchaeales,GW2011_GWC1_47_15,NA,NA,0.96,0.96,0.96,0.96,0.61,0.61
c9a83c1b2ab244eb56d4180ff39b911e,Archaea,Nanoarchaeota,Nanoarchaeia,Woesearchaeales,NA,NA,NA,0.94,0.92,0.92,0.92,0.78,0.78
71fcca5e2fd5f63bee33d02567c97b4a,Archaea,NA,NA,NA,NA,NA,NA,0.85,0.47,0.32,0.13,0.13,0.13
339b1b08d6c0a974c54dc5ae0ed72d93,Archaea,Crenarchaeota,Nitrososphaeria,Nitrosotaleales,Nitrosotaleaceae,Candidatus_Nitrosotalea,NA,1,1,1,0.94,0.94,0.56
59ca7cf71eee49b1d5ed2b049fd0f896,Archaea,Nanoarchaeota,Nanoarchaeia,Woesearchaeales,GW2011_GWC1_47_15,NA,NA,1,0.99,0.99,0.99,0.95,0.95
4b102e6f50741a1ea9e3294b77a0009c,Archaea,Nanoarchaeota,Nanoarchaeia,Woesearchaeales,GW2011_GWC1_47_15,NA,NA,0.9,0.87,0.87,0.87,0.66,0.66
391b7652a814b8c1fae4f269ad031aaf,Archaea,Nanoarchaeota,Nanoarchaeia,Woesearchaeales,NA,NA,NA,0.95,0.82,0.82,0.81,0.49,0.49
81570a597e595c18da350cc0aa29a7ea,Archaea,Nanoarchaeota,Nanoarchaeia,Woesearchaeales,GW2011_GWC1_47_15,NA,NA,1,1,1,1,0.96,0.96
65c949701788dc63ba41bc5019abda9b,Archaea,Nanoarchaeota,Nanoarchaeia,Woesearchaeales,NA,NA,NA,0.98,0.97,0.97,0.97,0.92,0.92
36323b03d8b6aec986eeaa5271a76783,Archaea,Thermoplasmatota,Thermoplasmata,NA,NA,NA,NA,0.97,0.82,0.7,0.35,0.34,0.34
b28102aa25eef09ff854cfa0ff01d636,Archaea,Thermoplasmatota,Thermoplasmata,Marine_Benthic_Group_D_and_DHVEG-1,NA,NA,NA,1,1,0.85,0.61,0.61,0.61
fdb5289515816b46f8304c01444ba771,Archaea,Nanoarchaeota,Nanoarchaeia,Woesearchaeales,GW2011_GWC1_47_15,NA,NA,1,1,1,1,0.81,0.81
e79b9c1f1fb71b4e6cba36f85789286b,Archaea,Nanoarchaeota,Nanoarchaeia,Woesearchaeales,GW2011_GWC1_47_15,NA,NA,0.97,0.95,0.95,0.95,0.68,0.68
5e4440c2ba19bea7acf56aa780f75267,Archaea,Thermoplasmatota,Thermoplasmatota_cl,Thermoplasmatota_or,Thermoplasmatota_fa,NA,NA,1,0.93,0.58,0.58,0.58,0.58
3cb754df62449af0e07ec82f197297bb,Archaea,Nanoarchaeota,Nanoarchaeia,Woesearchaeales,NA,NA,NA,1,0.82,0.82,0.82,0.77,0.77
284eaa689f0a7c15e43ad8e9bc057b4b,Archaea,Nanoarchaeota,Nanoarchaeia,Woesearchaeales,GW2011_GWC1_47_15,NA,NA,0.99,0.99,0.99,0.99,0.93,0.93
f489b0f88346ad63649aa6a80483896f,Archaea,Thermoplasmatota,Thermoplasmata,NA,NA,NA,NA,0.99,0.88,0.75,0.27,0.27,0.27
96e0bec5685cb29543a0da1cb46f39ee,Archaea,Euryarchaeota,Methanobacteria,Methanobacteriales,Methanobacteriaceae,Methanobrevibacter,NA,1,1,1,1,1,0.99
14bff719615414da756ac415d0796ad1,Archaea,Nanoarchaeota,Nanoarchaeia,Woesearchaeales,GW2011_GWC1_47_15,NA,NA,1,1,1,1,0.99,0.99
8377b1ee8f81cffc12530252c689fb0f,Archaea,Nanoarchaeota,Nanoarchaeia,Woesearchaeales,NA,NA,NA,0.91,0.65,0.65,0.65,0.59,0.59
c8f99b4358eb923041eae39651d788bf,Archaea,Euryarchaeota,Methanobacteria,Methanobacteriales,Methanobacteriaceae,Methanobrevibacter,NA,1,1,1,1,1,0.98
7b112e72ac668d4fecfb0d29e120dcfe,Archaea,Crenarchaeota,Nitrososphaeria,NA,NA,NA,NA,0.52,0.52,0.51,0.39,0.39,0.28
1e9c9e4d0b6ab2395221da7476f1f43f,Archaea,Nanoarchaeota,Nanoarchaeia,Woesearchaeales,GW2011_GWC1_47_15,NA,NA,1,1,1,1,0.92,0.92
41ab36d7ed57e0d88534f44551db2d7b,Archaea,Nanoarchaeota,Nanoarchaeia,Woesearchaeales,SCGC_AAA286-E23,NA,NA,1,1,1,1,0.97,0.97
59b0b3ce25d2da7cd45039854ea84355,Archaea,Nanoarchaeota,Nanoarchaeia,Woesearchaeales,GW2011_GWC1_47_15,NA,NA,0.96,0.95,0.95,0.95,0.78,0.78
0ccc34551cc7285b7339df1d38bdea0c,Archaea,Thermoplasmatota,Thermoplasmata,Marine_Benthic_Group_D_and_DHVEG-1,NA,NA,NA,1,1,0.97,0.97,0.97,0.97
155ce2f6a6fc50f82cf6503037e0abc5,Archaea,Nanoarchaeota,Nanoarchaeia,Woesearchaeales,NA,NA,NA,0.92,0.8,0.8,0.79,0.47,0.47
ab31c8283d7ec10fe1d0bd45b530ef9a,Archaea,Nanoarchaeota,Nanoarchaeia,Woesearchaeales,SCGC_AAA011-D5,NA,NA,0.95,0.95,0.95,0.95,0.7,0.7
0a7b53db3c8f3e3ae3d36cddf85a265e,Archaea,Crenarchaeota,Nitrososphaeria,Nitrososphaerales,Nitrososphaeraceae,NA,NA,0.99,0.99,0.99,0.98,0.98,0.49
ac7551653dff8947074bdaef0a9b29f8,Archaea,Nanoarchaeota,Nanoarchaeia,Woesearchaeales,GW2011_GWC1_47_15,NA,NA,1,0.99,0.99,0.99,0.85,0.85
e0e3ed0df7f8377a85e449ee94e4cfcf,Archaea,Nanoarchaeota,Nanoarchaeia,Woesearchaeales,GW2011_GWC1_47_15,NA,NA,0.96,0.93,0.93,0.93,0.83,0.83
10bb938cc79fcbb77c53d702b3c8fa00,Archaea,Nanoarchaeota,Nanoarchaeia,Woesearchaeales,GW2011_GWC1_47_15,NA,NA,0.99,0.99,0.99,0.99,0.94,0.94
f62af2e1042fae3a1eaead60a0a46623,Archaea,Nanoarchaeota,Nanoarchaeia,Woesearchaeales,NA,NA,NA,0.96,0.88,0.88,0.88,0.78,0.78
1e534994961ecb41ef15c46bfd97d0a7,Archaea,Crenarchaeota,NA,NA,NA,NA,NA,0.98,0.52,0.26,0.16,0.14,0.1
5c1e5b33beec877be21515d8687bf547,Archaea,Nanoarchaeota,Nanoarchaeia,Woesearchaeales,NA,NA,NA,0.97,0.93,0.93,0.93,0.71,0.71
ad81fab0907676a900649a83c7474bfd,Archaea,Nanoarchaeota,Nanoarchaeia,Woesearchaeales,GW2011_GWC1_47_15,NA,NA,0.99,0.99,0.99,0.99,0.99,0.99
1854146b457e86bb4db9e5416595faaa,Archaea,Nanoarchaeota,Nanoarchaeia,Woesearchaeales,GW2011_GWC1_47_15,NA,NA,0.99,0.99,0.99,0.99,0.91,0.91
074bad5871f75932f3059549cc2a1e06,Archaea,Nanoarchaeota,Nanoarchaeia,Woesearchaeales,GW2011_GWC1_47_15,NA,NA,0.99,0.97,0.97,0.97,0.76,0.76
12ba5f8847df51fecab4876170fcb325,Archaea,Thermoplasmatota,Thermoplasmata,NA,NA,NA,NA,0.99,0.91,0.81,0.65,0.65,0.65
292bfe43d0e0fff82de94066e7872e6c,Archaea,Nanoarchaeota,Nanoarchaeia,Woesearchaeales,NA,NA,NA,0.96,0.84,0.84,0.84,0.44,0.44
4580af863ad94fee2091b4b71c49fa50,Archaea,Nanoarchaeota,Nanoarchaeia,Woesearchaeales,NA,NA,NA,0.98,0.96,0.96,0.96,0.9,0.9
cb6622e67274be2cf0f65a6b19d4a602,Archaea,Thermoplasmatota,NA,NA,NA,NA,NA,0.98,0.82,0.43,0.43,0.43,0.43
4a601fd409e6386f7e812a9ea227799b,Archaea,Nanoarchaeota,Nanoarchaeia,Woesearchaeales,NA,NA,NA,1,0.96,0.96,0.96,0.89,0.89
d0abc5d1b920548e7477421394a0848a,Archaea,Nanoarchaeota,Nanoarchaeia,Woesearchaeales,NA,NA,NA,0.91,0.87,0.87,0.87,0.75,0.75
78e64a06747c7080e1e8b76c7227ccd3,Archaea,Nanoarchaeota,Nanoarchaeia,Woesearchaeales,NA,NA,NA,0.85,0.57,0.57,0.57,0.47,0.47
fd6006213a881b3498164c4e7768606a,Archaea,Halobacterota,Methanomicrobia,Methanomicrobiales,Methanocorpusculaceae,Methanocalculus,NA,1,1,1,1,1,1
3377d0f4359ac6490dfa7887106b88ce,Archaea,Thermoplasmatota,Thermoplasmata,Methanomassiliicoccales,Methanomethylophilaceae,Candidatus_Methanoplasma,NA,1,1,1,0.99,0.97,0.53
15471d06d04e3e292c98cbc1e2018615,Archaea,Nanoarchaeota,Nanoarchaeia,Woesearchaeales,GW2011_GWC1_47_15,NA,NA,0.99,0.99,0.99,0.99,0.69,0.69
faf7ef360e5cc59dd3e90bef9af91ee8,Archaea,Nanoarchaeota,Nanoarchaeia,Woesearchaeales,GW2011_GWC1_47_15,NA,NA,0.98,0.98,0.98,0.98,0.97,0.97
74634b32dd01797e3d5d10522496d5eb,Archaea,NA,NA,NA,NA,NA,NA,0.98,0.31,0.26,0.11,0.11,0.06
b79b66445fc67025cc12e066178830ae,Archaea,Nanoarchaeota,Nanoarchaeia,Woesearchaeales,GW2011_GWC1_47_15,NA,NA,0.96,0.96,0.96,0.96,0.8,0.8
ad765ed3a8950108b48cb8b70a0a7d8b,Archaea,Nanoarchaeota,Nanoarchaeia,Woesearchaeales,NA,NA,NA,1,1,1,1,0.99,0.99
a88501737fdaf24fc5c29621d3959a9a,Archaea,Crenarchaeota,Nitrososphaeria,Nitrososphaerales,Nitrososphaeraceae,NA,NA,1,1,1,1,1,1
aef5d3b715b36b3d5973d1b91972eca8,Archaea,Nanoarchaeota,Nanoarchaeia,Woesearchaeales,SCGC_AAA286-E23,NA,NA,1,1,1,1,1,1
aeb6a8ce50a94ea85042278e753af666,Archaea,Nanoarchaeota,Nanoarchaeia,Woesearchaeales,NA,NA,NA,0.94,0.79,0.79,0.79,0.56,0.56
8cd1331f7fa3d4cf7e73c00249956528,Archaea,Nanoarchaeota,Nanoarchaeia,Woesearchaeales,GW2011_GWC1_47_15,NA,NA,1,1,1,1,0.92,0.92
b0b354bc70f219b718adfbfca9e0fa96,Archaea,Nanoarchaeota,Nanoarchaeia,Woesearchaeales,GW2011_GWC1_47_15,NA,NA,0.99,0.98,0.98,0.98,0.95,0.95
8da8d53ff168baa8eba7e7d09775569c,Archaea,Nanoarchaeota,Nanoarchaeia,Woesearchaeales,NA,NA,NA,0.85,0.79,0.79,0.79,0.28,0.25
bcba69da7e3b321ff59dfbd47ab2b8cb,Archaea,Nanoarchaeota,Nanoarchaeia,Woesearchaeales,NA,NA,NA,0.99,0.99,0.99,0.99,0.98,0.98
78065bbc5463cd53116d5784be7c63be,Archaea,Nanoarchaeota,Nanoarchaeia,Woesearchaeales,GW2011_GWC1_47_15,NA,NA,0.97,0.97,0.97,0.97,0.93,0.93
713509733efc7068f4f9160eb07488e0,Archaea,Nanoarchaeota,Nanoarchaeia,Woesearchaeales,NA,NA,NA,0.98,0.97,0.97,0.97,0.88,0.88
40aa97ff5c9f1c920bd700767addd936,Archaea,NA,NA,NA,NA,NA,NA,0.98,0.41,0.41,0.41,0.4,0.4
0238b971548e68ab908e112e2eca6ba4,Archaea,Nanoarchaeota,Nanoarchaeia,Woesearchaeales,NA,NA,NA,0.95,0.89,0.89,0.89,0.67,0.67
98e18d141c470f3d7d85b7e9924f13d1,Archaea,Nanoarchaeota,Nanoarchaeia,Woesearchaeales,NA,NA,NA,0.97,0.97,0.97,0.97,0.96,0.96
baab6aa8f52a62908ac8458e4da60ace,Archaea,Nanoarchaeota,Nanoarchaeia,Woesearchaeales,GW2011_GWC1_47_15,NA,NA,1,1,1,1,0.57,0.57
b210e6abcfdd9b38fa8c54f339ce534d,Archaea,Nanoarchaeota,Nanoarchaeia,Woesearchaeales,GW2011_GWC1_47_15,NA,NA,0.99,0.99,0.99,0.98,0.97,0.97
bd0412f79b813e15ec5fe29f2f72b26a,Archaea,Thermoplasmatota,Thermoplasmata,NA,NA,NA,NA,0.91,0.78,0.5,0.29,0.19,0.18
6be81b9ae36d955895bf77a40b387c83,Archaea,Nanoarchaeota,Nanoarchaeia,Woesearchaeales,GW2011_GWC1_47_15,NA,NA,0.98,0.95,0.95,0.95,0.65,0.65
ad0b06f9afdf8e47e1ca2a1c0b669b05,Archaea,Nanoarchaeota,Nanoarchaeia,Woesearchaeales,GW2011_GWC1_47_15,NA,NA,0.97,0.97,0.97,0.97,0.91,0.91
3377ddbb93a5873294c4d7dfdb9a7f04,Archaea,Nanoarchaeota,Nanoarchaeia,Woesearchaeales,GW2011_GWC1_47_15,NA,NA,1,1,1,1,0.96,0.96
0a528351cee1157b8fae81ed2735db29,Archaea,Thermoplasmatota,NA,NA,NA,NA,NA,0.97,0.72,0.42,0.42,0.42,0.42
bf42045cc84511102abdefa09f326846,Archaea,Nanoarchaeota,Nanoarchaeia,Woesearchaeales,GW2011_GWC1_47_15,NA,NA,0.95,0.95,0.95,0.95,0.85,0.85
969092fcf5a0b40194aac0b0193f29d3,Archaea,Nanoarchaeota,Nanoarchaeia,Woesearchaeales,NA,NA,NA,1,0.95,0.95,0.94,0.89,0.89
e9dfe91e283f1fb01610f8ec2065c9a2,Archaea,Micrarchaeota,Micrarchaeia,Micrarchaeales,Micrarchaeales_fa,Candidatus_Micrarchaeum,NA,1,1,1,1,1,1
eb0d577fbb71467e02122b666ba42ead,Archaea,Euryarchaeota,Methanobacteria,Methanobacteriales,Methanobacteriaceae,Methanobacterium,NA,0.99,0.98,0.98,0.98,0.91,0.66
fc5651a3b190327f82ceb2b6f54be8ac,Archaea,Nanoarchaeota,Nanoarchaeia,Woesearchaeales,SCGC_AAA011-D5,NA,NA,0.99,0.99,0.99,0.99,0.77,0.77
1263350cbb033a0db039ef5e456b2f89,Archaea,Euryarchaeota,Methanobacteria,Methanobacteriales,Methanobacteriaceae,Methanobrevibacter,NA,1,1,1,1,1,1
dfbab38f818a47111c845d1843519100,Archaea,Nanoarchaeota,Nanoarchaeia,Woesearchaeales,NA,NA,NA,0.94,0.89,0.89,0.89,0.84,0.84
229f3491ef21fa9a3bbc6e6d299225e6,Archaea,Nanoarchaeota,Nanoarchaeia,Woesearchaeales,NA,NA,NA,0.99,0.94,0.94,0.94,0.88,0.88
3b9eceaddaf6cb485759dbf71fe1c3a6,Archaea,NA,NA,NA,NA,NA,NA,0.73,0.4,0.4,0.38,0.22,0.14
33c89b5d9b10da5cd8f8d81eb68ebf14,Archaea,Crenarchaeota,Nitrososphaeria,Nitrosopumilales,Nitrosopumilaceae,NA,NA,1,1,1,1,1,0.89
edf661b9e0f5d659e7ec6d54dc856a94,Archaea,Nanoarchaeota,Nanoarchaeia,Woesearchaeales,GW2011_GWC1_47_15,NA,NA,1,1,1,1,0.98,0.98
2a801ac195640862730e4e530f66a0ec,Archaea,Nanoarchaeota,Nanoarchaeia,Woesearchaeales,NA,NA,NA,1,0.99,0.99,0.99,0.83,0.83
458541d3fc13b3d5cf7690eb3ece7907,Archaea,Crenarchaeota,NA,NA,NA,NA,NA,0.87,0.57,0.4,0.07,0.07,0.07
453ac26d02535e32d6210f944ee5aa3e,Archaea,Nanoarchaeota,Nanoarchaeia,Woesearchaeales,NA,NA,NA,1,1,1,1,0.99,0.99
e7d63e3c8321b1ea5df46d312a156aa5,Archaea,Nanoarchaeota,Nanoarchaeia,Woesearchaeales,NA,NA,NA,0.98,0.89,0.89,0.89,0.89,0.89
f8c87348ae3a297d09247d3a27ea1464,Archaea,NA,NA,NA,NA,NA,NA,0.61,0.2,0.2,0.19,0.17,0.17
47f2ccddac0431e964ed89906781b574,Archaea,Nanoarchaeota,Nanoarchaeia,Woesearchaeales,GW2011_GWC1_47_15,NA,NA,0.98,0.96,0.96,0.96,0.88,0.88
3d8c4081ff6f836b7a5f42ee58a3b3b5,Archaea,Nanoarchaeota,Nanoarchaeia,Woesearchaeales,GW2011_GWC1_47_15,NA,NA,0.93,0.91,0.91,0.91,0.88,0.88
daab50a8bc70f42c0f29d439f1c8fe23,Archaea,NA,NA,NA,NA,NA,NA,0.81,0.22,0.2,0.2,0.13,0.13
8b424e8947af02bd649889b31dff4798,Archaea,Nanoarchaeota,Nanoarchaeia,Woesearchaeales,NA,NA,NA,0.94,0.92,0.92,0.92,0.8,0.8
c83305a65e7ea4cb90c08466a075b4c0,Archaea,Nanoarchaeota,Nanoarchaeia,Woesearchaeales,GW2011_GWC1_47_15,NA,NA,0.96,0.93,0.93,0.93,0.52,0.52
7dd2b545d7482fb19e2d331449066b02,Archaea,Nanoarchaeota,Nanoarchaeia,Woesearchaeales,NA,NA,NA,0.9,0.81,0.81,0.81,0.46,0.46
bf278f1fa29d0911eb9bae76384d2c83,Archaea,Nanoarchaeota,Nanoarchaeia,Woesearchaeales,GW2011_GWC1_47_15,NA,NA,1,1,1,1,0.97,0.97
bf14aa6e82193239bc94cc22e3ddecd2,Archaea,Crenarchaeota,Nitrososphaeria,Nitrososphaerales,Nitrososphaeraceae,NA,NA,1,1,1,0.98,0.98,0.83
236061f47f07c9b3453834316335c71d,Archaea,Nanoarchaeota,Nanoarchaeia,Woesearchaeales,GW2011_GWC1_47_15,NA,NA,1,0.98,0.98,0.98,0.72,0.72
62c53c6699f92b0f169b3afd92d1397a,Archaea,Nanoarchaeota,Nanoarchaeia,Woesearchaeales,NA,NA,NA,0.97,0.88,0.88,0.88,0.86,0.86
c860b85bc3a6ebb4b98589d8961a29bc,Archaea,Nanoarchaeota,Nanoarchaeia,Woesearchaeales,NA,NA,NA,1,0.91,0.91,0.91,0.86,0.86
f16de7d68e8048fcd6022aacaca2bb56,Archaea,Nanoarchaeota,Nanoarchaeia,Woesearchaeales,NA,NA,NA,0.86,0.72,0.72,0.72,0.63,0.63
dc999f5f1cdd4926d98ab5282841bf17,Archaea,Nanoarchaeota,Nanoarchaeia,Woesearchaeales,NA,NA,NA,1,1,1,1,0.95,0.95
b0d96e817565368f3c32199d152a4696,Archaea,Thermoplasmatota,Thermoplasmata,NA,NA,NA,NA,0.98,0.74,0.62,0.18,0.18,0.18
beadc59cd1c6efcfe1f245c9cdb6c03d,Archaea,Nanoarchaeota,Nanoarchaeia,Woesearchaeales,GW2011_GWC1_47_15,NA,NA,0.84,0.81,0.81,0.81,0.72,0.72
c0eac05c1885b71acd4be993ab805d2b,Archaea,Nanoarchaeota,Nanoarchaeia,Woesearchaeales,GW2011_GWC1_47_15,NA,NA,1,1,1,1,0.99,0.99
6848222806e35d18e74f0268d385f29f,Archaea,Nanoarchaeota,Nanoarchaeia,Woesearchaeales,NA,NA,NA,1,0.99,0.99,0.99,0.97,0.97
d832ac4ff5535ea0c4f6b12f6ed7a77c,Archaea,Crenarchaeota,Nitrososphaeria,Nitrosotaleales,Nitrosotaleaceae,Candidatus_Nitrosotalea,NA,1,1,1,1,1,0.72
536086a5eccc4fc7a87054951b725ff7,Archaea,NA,NA,NA,NA,NA,NA,0.69,0.15,0.14,0.09,0.09,0.09
c7d50139008b44f771ead4adfb6e734a,Archaea,Nanoarchaeota,Nanoarchaeia,Woesearchaeales,NA,NA,NA,1,1,1,1,1,1
427158195fd7cc86d12e033a7cdcb095,Archaea,Nanoarchaeota,Nanoarchaeia,Woesearchaeales,NA,NA,NA,0.91,0.8,0.8,0.8,0.64,0.64
facfbabd9276d712a48d2771dd06e814,Archaea,Nanoarchaeota,Nanoarchaeia,Woesearchaeales,GW2011_GWC1_47_15,NA,NA,0.9,0.89,0.89,0.89,0.77,0.77
447b023314e406b3a8aafa055023f095,Archaea,Nanoarchaeota,Nanoarchaeia,Woesearchaeales,NA,NA,NA,0.98,0.9,0.9,0.9,0.81,0.81
638d05ffb398da4b56c4572d8b7d3f1c,Archaea,Nanoarchaeota,Nanoarchaeia,Woesearchaeales,GW2011_GWC1_47_15,NA,NA,0.96,0.96,0.96,0.96,0.88,0.88
fec5d5ebbc4cbeca19a347fc1cf9fee2,Archaea,NA,NA,NA,NA,NA,NA,0.88,0.27,0.27,0.25,0.18,0.18
6e2f29985f91ea0f65ce433cec064f59,Archaea,Nanoarchaeota,Nanoarchaeia,Woesearchaeales,NA,NA,NA,0.96,0.87,0.87,0.86,0.74,0.74
de7a0810ca601ebf91efdc168ea3deec,Archaea,Nanoarchaeota,Nanoarchaeia,Woesearchaeales,NA,NA,NA,1,0.78,0.78,0.78,0.72,0.72
a21e95ddc1ab0b9ab45ed9977b537164,Archaea,NA,NA,NA,NA,NA,NA,0.9,0.49,0.45,0.45,0.45,0.45
eeb0cc36773d7cd977273fafef46997d,Archaea,Nanoarchaeota,Nanoarchaeia,Woesearchaeales,GW2011_GWC1_47_15,NA,NA,0.82,0.78,0.78,0.78,0.72,0.72
dd79d6b3a5be60a9f457f64b6e3627c0,Archaea,Nanoarchaeota,Nanoarchaeia,Woesearchaeales,NA,NA,NA,1,0.97,0.97,0.97,0.87,0.87
63a85d3aeacce1c47cd9c1f13bf24f13,Archaea,Thermoplasmatota,Thermoplasmatota_cl,Thermoplasmatota_or,Thermoplasmatota_fa,NA,NA,1,0.89,0.55,0.55,0.55,0.55
0c5ce4984a57cc3daef7a262599963fd,Archaea,Nanoarchaeota,Nanoarchaeia,Woesearchaeales,NA,NA,NA,0.99,0.99,0.99,0.99,0.95,0.95
6d88a75041d3613d8e2ed8968ee5da72,Archaea,NA,NA,NA,NA,NA,NA,0.77,0.44,0.44,0.44,0.44,0.44
4799500e0cdeca6a4733904b1dfacb2c,Archaea,Thermoplasmatota,Thermoplasmata,NA,NA,NA,NA,0.96,0.66,0.59,0.35,0.35,0.35
8833cd24b996d5c08f9d75cbb7c2fed2,Archaea,Nanoarchaeota,Nanoarchaeia,Woesearchaeales,NA,NA,NA,0.9,0.81,0.81,0.81,0.66,0.66
e94d4a4f41dbf2a6c64d61a2426af0d9,Archaea,Nanoarchaeota,Nanoarchaeia,Woesearchaeales,GW2011_GWC1_47_15,NA,NA,0.98,0.96,0.96,0.96,0.81,0.81
fd27e9f7b123886192222e6430750de6,Archaea,NA,NA,NA,NA,NA,NA,0.86,0.38,0.21,0.04,0.04,0.04
4bb3d0e4fad83c8e4f3ec91d537c6d8c,Archaea,Nanoarchaeota,Nanoarchaeia,Woesearchaeales,NA,NA,NA,1,0.95,0.95,0.95,0.92,0.92
edfac481e4f1d8e7417a74a83a7bf2ad,Archaea,Nanoarchaeota,Nanoarchaeia,Woesearchaeales,GW2011_GWC1_47_15,NA,NA,0.97,0.95,0.95,0.95,0.8,0.8
82429892827e7983b4bab9241b6797ae,Archaea,Nanoarchaeota,Nanoarchaeia,Woesearchaeales,NA,NA,NA,0.92,0.62,0.62,0.62,0.5,0.5
eaf18d2d195219ecdaa5375a6ec096ab,Archaea,Nanoarchaeota,Nanoarchaeia,Woesearchaeales,NA,NA,NA,0.98,0.97,0.97,0.97,0.97,0.97
64115e8da32c12c99549a728f092c324,Archaea,Nanoarchaeota,Nanoarchaeia,Woesearchaeales,GW2011_GWC1_47_15,NA,NA,1,1,1,1,0.95,0.95
96de220ff7990e29d32c7e983362b442,Archaea,NA,NA,NA,NA,NA,NA,0.79,0.44,0.44,0.44,0.13,0.13
99d2ddb56130237c51838745a67b0bef,Archaea,Nanoarchaeota,Nanoarchaeia,Woesearchaeales,NA,NA,NA,1,1,1,1,0.97,0.97
c5af1d2c4d1172cf0b3934dae3e06ce7,Archaea,Nanoarchaeota,Nanoarchaeia,Woesearchaeales,NA,NA,NA,0.94,0.94,0.94,0.94,0.49,0.49
cf0984bf46a4655ed2bf35410c47d1f9,Archaea,NA,NA,NA,NA,NA,NA,0.7,0.17,0.14,0.02,0.02,0.02
d8bda1155eaf4d67919e9ee8168ff332,Archaea,Nanoarchaeota,Nanoarchaeia,Woesearchaeales,SCGC_AAA011-D5,NA,NA,0.98,0.98,0.98,0.98,0.98,0.98
dc2a7972a328aeb3f573006bdb0f0df2,Archaea,Nanoarchaeota,Nanoarchaeia,Woesearchaeales,GW2011,AR15,NA,1,0.99,0.99,0.99,0.83,0.83
f11dd980e38bdc93c28a171607496fa4,Archaea,Nanoarchaeota,Nanoarchaeia,Woesearchaeales,NA,NA,NA,1,0.99,0.99,0.99,0.98,0.98
0ae767af4f6277a766e6f9fc35de755a,Archaea,NA,NA,NA,NA,NA,NA,0.72,0.49,0.49,0.49,0.21,0.21
fa118e9358f56c6897f43439f0dbef14,Archaea,Nanoarchaeota,Nanoarchaeia,Woesearchaeales,NA,NA,NA,0.94,0.85,0.85,0.85,0.73,0.73
551dffb310f35fba2342fb40b8cbd174,Archaea,Nanoarchaeota,Nanoarchaeia,Woesearchaeales,NA,NA,NA,0.99,0.91,0.91,0.91,0.8,0.8
0678b374e0a882e763344c4f49bda076,Archaea,Aenigmarchaeota,Deep_Sea_Euryarchaeotic_Group(DSEG),NA,NA,NA,NA,0.96,0.71,0.7,0.7,0.7,0.7
35760e96ed9ab208bf5b7c0899829ed6,Archaea,Nanoarchaeota,Nanoarchaeia,Woesearchaeales,NA,NA,NA,1,0.97,0.97,0.97,0.91,0.91
34b3adc52817de73549c40922b6fd4e6,Archaea,Nanoarchaeota,Nanoarchaeia,Woesearchaeales,GW2011_GWC1_47_15,NA,NA,0.98,0.98,0.98,0.98,0.75,0.75
0062049c99b199a72a1a4252c6458547,Archaea,Crenarchaeota,Nitrososphaeria,Nitrosotaleales,Nitrosotaleaceae,Candidatus_Nitrosotalea,NA,1,1,1,1,1,1
6f7f3bf81276bd4ac811e5854b93033d,Archaea,Halobacterota,NA,NA,NA,NA,NA,0.89,0.53,0.49,0.49,0.45,0.44
2333bb05ca9986b172dc5641875bf91d,Archaea,Nanoarchaeota,Nanoarchaeia,Woesearchaeales,GW2011_GWC1_47_15,NA,NA,0.94,0.87,0.87,0.87,0.77,0.77
0ecc9a0cbd85ab35ff299616cf9b107e,Archaea,Nanoarchaeota,Nanoarchaeia,Woesearchaeales,NA,NA,NA,0.93,0.57,0.57,0.56,0.49,0.49
b6335406aef21863d85617019e423e36,Archaea,Nanoarchaeota,Nanoarchaeia,Woesearchaeales,NA,NA,NA,0.93,0.85,0.85,0.85,0.73,0.73
3440f9dea715f7431989c286643bd430,Archaea,Micrarchaeota,Micrarchaeia,Micrarchaeales,CG1-02-32-21,NA,NA,0.98,0.98,0.98,0.98,0.98,0.98
f29f950d33b5f5b1ed077facd83ce218,Archaea,Nanoarchaeota,Nanoarchaeia,Woesearchaeales,GW2011_GWC1_47_15,NA,NA,0.96,0.95,0.95,0.95,0.91,0.91
95c3a0fb38291717b5c39a64cc667986,Archaea,NA,NA,NA,NA,NA,NA,0.55,0.26,0.21,0.21,0.15,0.03
386581d9696d86248c5e9165ddbc2be1,Archaea,Nanoarchaeota,Nanoarchaeia,Woesearchaeales,NA,NA,NA,0.76,0.69,0.69,0.69,0.47,0.47
b28f2258738496594aadf78af6d0ba0a,Archaea,Thermoplasmatota,Thermoplasmata,NA,NA,NA,NA,0.98,0.77,0.73,0.33,0.27,0.27
2031eeef5f4f633e8d3de6792e0f5167,Archaea,Nanoarchaeota,Nanoarchaeia,Woesearchaeales,NA,NA,NA,0.89,0.86,0.86,0.86,0.46,0.46
52da0e74ab9a00ebb8f7e7d3e8427919,Archaea,Thermoplasmatota,Thermoplasmata,NA,NA,NA,NA,0.94,0.77,0.7,0.36,0.25,0.25
b0fde3fba7e192e2f8323a1dcc5e9b30,Archaea,Nanoarchaeota,Nanoarchaeia,Woesearchaeales,SCGC_AAA011-D5,NA,NA,1,1,1,1,1,1
94a4830f3d84f53a204db029647487e2,Archaea,Nanoarchaeota,Nanoarchaeia,Woesearchaeales,GW2011,AR15,NA,1,1,1,1,1,1
052591313039f2d4c380c636f67a6afc,Archaea,Nanoarchaeota,Nanoarchaeia,Woesearchaeales,GW2011_GWC1_47_15,NA,NA,1,1,1,1,0.95,0.95
b36808c344618bc9f3cee2abdbf520f4,Archaea,Nanoarchaeota,Nanoarchaeia,Woesearchaeales,GW2011_GWC1_47_15,NA,NA,0.98,0.97,0.97,0.97,0.8,0.8
44d85505596d0d2140aff3c46acc3e5c,Archaea,Thermoplasmatota,Thermoplasmata,NA,NA,NA,NA,0.93,0.67,0.59,0.47,0.4,0.34
e81f16f2bf06d5b24ccce295bf868bba,Archaea,Nanoarchaeota,Nanoarchaeia,Woesearchaeales,GW2011_GWC1_47_15,NA,NA,1,1,1,1,0.96,0.96
a190700cef2a61721d0958c0998c5a44,Archaea,Nanoarchaeota,Nanoarchaeia,Woesearchaeales,NA,NA,NA,0.93,0.83,0.83,0.83,0.72,0.72
83d391d6145084097fffea48caa69a07,Archaea,Nanoarchaeota,Nanoarchaeia,Woesearchaeales,NA,NA,NA,0.93,0.8,0.8,0.8,0.55,0.55
306028ff110afefb88aa0e3f018886b9,Archaea,Nanoarchaeota,Nanoarchaeia,Woesearchaeales,GW2011_GWC1_47_15,NA,NA,1,0.99,0.99,0.99,0.98,0.98
509c25753833efa1fe095e848bf719f6,Archaea,Nanoarchaeota,Nanoarchaeia,Woesearchaeales,NA,NA,NA,0.98,0.95,0.95,0.95,0.83,0.83
1d8885182121bc7640ea1471251677ad,Archaea,Nanoarchaeota,Nanoarchaeia,Woesearchaeales,GW2011_GWC1_47_15,NA,NA,1,1,1,1,0.89,0.89
8a52c90d35ed15de5b485823e7644bef,Archaea,Nanoarchaeota,Nanoarchaeia,Woesearchaeales,GW2011_GWC1_47_15,NA,NA,0.91,0.89,0.89,0.89,0.77,0.77
85ab292bd83746461c51fa337f05fde6,Archaea,Nanoarchaeota,Nanoarchaeia,Woesearchaeales,GW2011_GWC1_47_15,NA,NA,1,1,1,1,0.99,0.99
45a179751c49a128418a7231a6c54407,Archaea,Nanoarchaeota,Nanoarchaeia,Woesearchaeales,GW2011_GWC1_47_15,NA,NA,0.99,0.99,0.99,0.99,0.88,0.88
d8f0bb64d72e476e87f558c02a80391c,Archaea,Nanoarchaeota,Nanoarchaeia,Woesearchaeales,GW2011_GWC1_47_15,NA,NA,0.93,0.91,0.91,0.91,0.9,0.9
45cbf2abe982290571e32556bbca357b,Archaea,Nanoarchaeota,Nanoarchaeia,Woesearchaeales,NA,NA,NA,0.86,0.79,0.79,0.79,0.63,0.63
e60d7aff1333220ed117c75ad7a71eb7,Archaea,Nanoarchaeota,Nanoarchaeia,Woesearchaeales,GW2011_GWC1_47_15,NA,NA,1,1,1,1,0.92,0.92
471829d525d07cef886a399e5814f952,Archaea,Micrarchaeota,Micrarchaeia,Micrarchaeales,CG1-02-32-21,NA,NA,0.92,0.87,0.87,0.87,0.87,0.87
edc9df47d7ef976c6b4034880eaaaa40,Archaea,Nanoarchaeota,Nanoarchaeia,Woesearchaeales,GW2011_GWC1_47_15,NA,NA,0.97,0.92,0.92,0.92,0.84,0.84
20a39c443f40847787e2b0c400da5ee4,Archaea,Nanoarchaeota,Nanoarchaeia,Woesearchaeales,GW2011_GWC1_47_15,NA,NA,0.99,0.99,0.99,0.99,0.96,0.96
279ee3c403c738f136bf562791be589a,Archaea,Crenarchaeota,Nitrososphaeria,Nitrososphaerales,Nitrososphaeraceae,NA,NA,0.99,0.99,0.99,0.93,0.93,0.83
10da32f73411b15c7b2476f86f4e4f6e,Archaea,Thermoplasmatota,NA,NA,NA,NA,NA,0.82,0.55,0.37,0.37,0.37,0.37
338b8db576730300f45af6e3fa54b823,Archaea,Nanoarchaeota,Nanoarchaeia,Woesearchaeales,NA,NA,NA,0.92,0.72,0.72,0.72,0.43,0.43
79eaec188afc2449b4c7ac7a9012a322,Archaea,Nanoarchaeota,Nanoarchaeia,Woesearchaeales,NA,NA,NA,0.96,0.92,0.92,0.92,0.45,0.45
0ff72ea90a06ef8b19a2b1062dd0c2fe,Archaea,Crenarchaeota,Nitrososphaeria,Nitrososphaerales,Nitrososphaeraceae,NA,NA,1,1,1,1,1,0.94
9a62e55da95d140bf598f2f62174ee69,Archaea,Nanoarchaeota,Nanoarchaeia,Woesearchaeales,NA,NA,NA,0.99,0.97,0.97,0.97,0.97,0.97
a521c1ed39e060c523e806a7c05d70b1,Archaea,Nanoarchaeota,Nanoarchaeia,Woesearchaeales,GW2011_GWC1_47_15,NA,NA,0.93,0.84,0.84,0.84,0.69,0.69
75b8567a139bc6e5392f2a62b8fdcb6c,Archaea,Thermoplasmatota,Thermoplasmata,NA,NA,NA,NA,0.97,0.87,0.64,0.37,0.37,0.37
35dc44ea2ea6d2f61b1f1a1a87c1e98f,Archaea,Nanoarchaeota,Nanoarchaeia,Woesearchaeales,GW2011_GWC1_47_15,NA,NA,1,1,1,1,0.7,0.7
41f091be44c5b677e12e70e21d74d54f,Archaea,Nanoarchaeota,Nanoarchaeia,Woesearchaeales,GW2011_GWC1_47_15,NA,NA,0.98,0.98,0.98,0.98,0.78,0.78
b6b3dae3b85c66ccd0fb59793c44a14a,Archaea,Nanoarchaeota,Nanoarchaeia,Woesearchaeales,GW2011_GWC1_47_15,NA,NA,0.99,0.98,0.98,0.98,0.85,0.85
c5fe5a9f385769be02171b638ab2ad78,Archaea,Nanoarchaeota,Nanoarchaeia,Woesearchaeales,NA,NA,NA,0.97,0.77,0.77,0.77,0.6,0.6
167d237e693e4f5b203c40fa54bfec0f,Archaea,Nanoarchaeota,Nanoarchaeia,Woesearchaeales,GW2011_GWC1_47_15,NA,NA,0.95,0.94,0.94,0.94,0.66,0.66
cf0f0672630e083eea1d70f5903ccb98,Archaea,Nanoarchaeota,Nanoarchaeia,Woesearchaeales,NA,NA,NA,0.96,0.85,0.85,0.85,0.72,0.72
21d8dcff038edf59c357c8508bc38ec7,Archaea,Nanoarchaeota,Nanoarchaeia,Woesearchaeales,GW2011_GWC1_47_15,NA,NA,0.98,0.97,0.97,0.97,0.83,0.83
d350892bd935519b19dabf3511ff2d15,Archaea,Crenarchaeota,Nitrososphaeria,Nitrososphaerales,Nitrososphaeraceae,Candidatus_Nitrososphaera,NA,1,1,1,1,1,0.99
b521406215875aab9ecae9f7f074baf0,Archaea,Nanoarchaeota,Nanoarchaeia,Woesearchaeales,GW2011_GWC1_47_15,NA,NA,1,0.99,0.99,0.99,0.75,0.75
2d3c81a712b156dca380cb2a91f8a255,Archaea,Nanoarchaeota,Nanoarchaeia,Woesearchaeales,GW2011_GWC1_47_15,NA,NA,0.99,0.99,0.99,0.99,0.82,0.82
05c8b3d66f4eae31e6adfc9f185b28cc,Archaea,Nanoarchaeota,Nanoarchaeia,Woesearchaeales,GW2011_GWC1_47_15,NA,NA,0.99,0.99,0.99,0.99,0.97,0.97
9f538e2aa88c0b1b6de0b41bdc770467,Archaea,NA,NA,NA,NA,NA,NA,0.67,0.27,0.27,0.27,0.15,0.15
26594db846f15029058cfba515a99b25,Archaea,Crenarchaeota,Nitrososphaeria,Nitrososphaerales,Nitrososphaeraceae,NA,NA,1,1,1,0.98,0.98,0.78
aa6b234abe55ed54bf8bca7429ed9e60,Archaea,Nanoarchaeota,Nanoarchaeia,Woesearchaeales,GW2011_GWC1_47_15,NA,NA,0.91,0.82,0.82,0.82,0.56,0.56
9fe75e182d963c032b7da4d709617733,Archaea,Nanoarchaeota,Nanoarchaeia,Woesearchaeales,GW2011_GWC1_47_15,NA,NA,1,1,1,1,0.81,0.81
124d9c19c90a9c3a9577017e055a5671,Archaea,Nanoarchaeota,Nanoarchaeia,Woesearchaeales,GW2011_GWC1_47_15,NA,NA,1,1,1,1,0.8,0.8
ab76c8e9c6ea2492f8f3b0715b2bc204,Archaea,Nanoarchaeota,Nanoarchaeia,Woesearchaeales,GW2011_GWC1_47_15,NA,NA,0.97,0.97,0.97,0.97,0.68,0.68
cff200a4a37396dcadf80ec00f6911b0,Archaea,Nanoarchaeota,Nanoarchaeia,Woesearchaeales,NA,NA,NA,1,0.92,0.92,0.92,0.9,0.9
72456eb9dc994b5282be753be2af1163,Archaea,Nanoarchaeota,Nanoarchaeia,Woesearchaeales,CG1-02-57-44,NA,NA,1,0.99,0.99,0.99,0.61,0.61
a48937f16614ad5bcaef0309814d3fa5,Archaea,Nanoarchaeota,Nanoarchaeia,Woesearchaeales,NA,NA,NA,0.91,0.72,0.72,0.71,0.39,0.39
43c30e97cd43f3b02c574ba75295a0fc,Archaea,Nanoarchaeota,Nanoarchaeia,Woesearchaeales,GW2011_GWC1_47_15,NA,NA,1,1,1,1,0.98,0.98
115b59e2c43df38c3287e0cc659e6eab,Archaea,Nanoarchaeota,Nanoarchaeia,Woesearchaeales,NA,NA,NA,0.91,0.89,0.89,0.89,0.64,0.64
46621dad52d11e69e213126f18613b0f,Archaea,Nanoarchaeota,Nanoarchaeia,Woesearchaeales,GW2011_GWC1_47_15,NA,NA,0.99,0.99,0.99,0.99,0.95,0.95
8041eab690c4135abc6ffc307da9195e,Archaea,Crenarchaeota,Nitrososphaeria,Nitrososphaerales,Nitrososphaeraceae,Candidatus_Nitrocosmicus,NA,0.93,0.91,0.9,0.8,0.8,0.5
d2b73175266845df791eae38ce6686a8,Archaea,Nanoarchaeota,Nanoarchaeia,Woesearchaeales,GW2011_GWC1_47_15,NA,NA,0.85,0.84,0.84,0.83,0.55,0.55
16cbcf893c40b342e8612506d0c9bd4c,Archaea,Nanoarchaeota,Nanoarchaeia,Woesearchaeales,GW2011_GWC1_47_15,NA,NA,1,1,1,1,1,1
50b74785ab085c68d227b250f554866d,Archaea,Nanoarchaeota,Nanoarchaeia,Woesearchaeales,GW2011_GWC1_47_15,NA,NA,0.95,0.94,0.94,0.94,0.51,0.51
d4c5da630b147c6dd0813a8612fb7f17,Archaea,Crenarchaeota,Nitrososphaeria,Nitrososphaerales,Nitrososphaeraceae,Candidatus_Nitrocosmicus,NA,1,1,1,1,1,0.87
f96be4c05803c85b462c37cd6f50a459,Archaea,Nanoarchaeota,Nanoarchaeia,Woesearchaeales,GW2011_GWC1_47_15,NA,NA,0.91,0.84,0.84,0.84,0.73,0.73
bfe46108b7aecd3d3b914a75340aa7c9,Archaea,Nanoarchaeota,Nanoarchaeia,Woesearchaeales,NA,NA,NA,1,0.97,0.97,0.97,0.87,0.87
187fcec31dc51d523ddb662f0bb56f29,Archaea,Nanoarchaeota,Nanoarchaeia,Woesearchaeales,NA,NA,NA,0.98,0.9,0.9,0.9,0.84,0.84
996edf19cb5e766296b0aa5c4c4b6eb7,Archaea,Nanoarchaeota,Nanoarchaeia,Woesearchaeales,GW2011_GWC1_47_15,NA,NA,0.99,0.98,0.98,0.98,0.74,0.74
74efdcd122af3e61871c5b4b2cb9737e,Archaea,Nanoarchaeota,Nanoarchaeia,Woesearchaeales,GW2011_GWC1_47_15,NA,NA,1,1,1,1,0.79,0.79
0023b474786b9571e84598dc01fce0c5,Archaea,Crenarchaeota,Nitrososphaeria,Nitrososphaerales,Nitrososphaeraceae,NA,NA,1,1,1,1,1,0.94
d1673603daddb01d375f455d3eca9b61,Archaea,Micrarchaeota,Micrarchaeia,Micrarchaeales,CG1-02-32-21,NA,NA,0.99,0.85,0.85,0.85,0.85,0.85
d4b2e5cdf5e0ee69cef2080db12e1294,Archaea,Nanoarchaeota,Nanoarchaeia,Woesearchaeales,GW2011_GWC1_47_15,NA,NA,0.97,0.97,0.97,0.97,0.87,0.87
991cb4019233e4a50a38bdbde1679920,Archaea,Crenarchaeota,Nitrososphaeria,Nitrosotaleales,Nitrosotaleaceae,Candidatus_Nitrosotalea,NA,1,1,1,1,1,1
0e8480ac97413f07091bb88c63ba00d2,Archaea,Nanoarchaeota,Nanoarchaeia,Woesearchaeales,GW2011_GWC1_47_15,NA,NA,0.79,0.72,0.72,0.72,0.51,0.51
2adcc9c8b43612a7f8931332fb9dc51a,Archaea,Crenarchaeota,Nitrososphaeria,Nitrososphaerales,Nitrososphaeraceae,Candidatus_Nitrososphaera,NA,1,1,1,1,1,0.94
d62f1a38b11687fab1953ddb98730ebb,Archaea,NA,NA,NA,NA,NA,NA,0.86,0.38,0.31,0.27,0.27,0.11
2dcdcae6f21fff94772280b7f59ee37d,Archaea,Nanoarchaeota,Nanoarchaeia,Woesearchaeales,NA,NA,NA,0.98,0.95,0.95,0.95,0.47,0.47
c0ab7a2e7a794d4506075192832d2e39,Archaea,Nanoarchaeota,Nanoarchaeia,Woesearchaeales,NA,NA,NA,0.88,0.65,0.65,0.65,0.57,0.57
07369f40df7d2320f841599ae6b60b1b,Archaea,Nanoarchaeota,Nanoarchaeia,Woesearchaeales,SCGC_AAA011-D5,NA,NA,1,1,1,1,0.97,0.97
854664489c6f6e9c3825875059f97cf8,Archaea,Crenarchaeota,Nitrososphaeria,Nitrososphaerales,Nitrososphaeraceae,Candidatus_Nitrososphaera,NA,1,1,1,0.99,0.99,0.94
31986fc4c61c61589ba7981a878b0f72,Archaea,Thermoplasmatota,NA,NA,NA,NA,NA,0.99,0.55,0.47,0.21,0.21,0.2
b4f1d9642076e057e995976ceeae854d,Archaea,Nanoarchaeota,Nanoarchaeia,Woesearchaeales,GW2011_GWC1_47_15,NA,NA,0.99,0.98,0.98,0.98,0.59,0.59
f5b46753944554f8bd4320d881118345,Archaea,Thermoplasmatota,Thermoplasmata,NA,NA,NA,NA,0.92,0.66,0.58,0.3,0.15,0.12
cc32ddbf1662191e633a1c04f159a950,Archaea,Nanoarchaeota,Nanoarchaeia,Woesearchaeales,GW2011_GWC1_47_15,NA,NA,1,1,1,1,0.99,0.99
e3951bd91843ef11e8fb2c35ddc1fc47,Archaea,Nanoarchaeota,Nanoarchaeia,Woesearchaeales,GW2011_GWC1_47_15,NA,NA,0.97,0.85,0.85,0.85,0.53,0.53
67a7f429d89f45ddd3ed707408bf0722,Archaea,NA,NA,NA,NA,NA,NA,0.84,0.2,0.16,0.16,0.14,0.05
e714ee1ede3d244191ff0c9ceeb3f6f5,Archaea,Nanoarchaeota,Nanoarchaeia,Woesearchaeales,SCGC_AAA011-D5,NA,NA,0.96,0.96,0.96,0.96,0.63,0.63
8b59314f593f410bdde704a6f6d24967,Archaea,Nanoarchaeota,Nanoarchaeia,Woesearchaeales,GW2011_GWC1_47_15,NA,NA,1,0.99,0.99,0.99,0.83,0.83
